pokedex,name,type_1,type_2,hp,attack,defense,special-attack,special-defense,speed,total,generation
1,bulbasaur,grass,poison,45,49,49,65,65,45,318,1
2,ivysaur,grass,poison,60,62,63,80,80,60,405,1
3,venusaur,grass,poison,80,82,83,100,100,80,525,1
4,charmander,fire,Null,39,52,43,60,50,65,309,1
5,charmeleon,fire,Null,58,64,58,80,65,80,405,1
6,charizard,fire,flying,78,84,78,109,85,100,534,1
7,squirtle,water,Null,44,48,65,50,64,43,314,1
8,wartortle,water,Null,59,63,80,65,80,58,405,1
9,blastoise,water,Null,79,83,100,85,105,78,530,1
10,caterpie,bug,Null,45,30,35,20,20,45,195,1
11,metapod,bug,Null,50,20,55,25,25,30,205,1
12,butterfree,bug,flying,60,45,50,90,80,70,395,1
13,weedle,bug,poison,40,35,30,20,20,50,195,1
14,kakuna,bug,poison,45,25,50,25,25,35,205,1
15,beedrill,bug,poison,65,90,40,45,80,75,395,1
16,pidgey,normal,flying,40,45,40,35,35,56,251,1
17,pidgeotto,normal,flying,63,60,55,50,50,71,349,1
18,pidgeot,normal,flying,83,80,75,70,70,101,479,1
19,rattata,normal,Null,30,56,35,25,35,72,253,1
20,raticate,normal,Null,55,81,60,50,70,97,413,1
21,spearow,normal,flying,40,60,30,31,31,70,262,1
22,fearow,normal,flying,65,90,65,61,61,100,442,1
23,ekans,poison,Null,35,60,44,40,54,55,288,1
24,arbok,poison,Null,60,95,69,65,79,80,448,1
25,pikachu,electric,Null,35,55,40,50,50,90,320,1
26,raichu,electric,Null,60,90,55,90,80,110,485,1
27,sandshrew,ground,Null,50,75,85,20,30,40,300,1
28,sandslash,ground,Null,75,100,110,45,55,65,450,1
29,nidoran-f,poison,Null,55,47,52,40,40,41,275,1
30,nidorina,poison,Null,70,62,67,55,55,56,365,1
31,nidoqueen,poison,ground,90,92,87,75,85,76,505,1
32,nidoran-m,poison,Null,46,57,40,40,40,50,273,1
33,nidorino,poison,Null,61,72,57,55,55,65,365,1
34,nidoking,poison,ground,81,102,77,85,75,85,505,1
35,clefairy,fairy,Null,70,45,48,60,65,35,323,1
36,clefable,fairy,Null,95,70,73,95,90,60,483,1
37,vulpix,fire,Null,38,41,40,50,65,65,299,1
38,ninetales,fire,Null,73,76,75,81,100,100,505,1
39,jigglypuff,normal,fairy,115,45,20,45,25,20,270,1
40,wigglytuff,normal,fairy,140,70,45,85,50,45,435,1
41,zubat,poison,flying,40,45,35,30,40,55,245,1
42,golbat,poison,flying,75,80,70,65,75,90,455,1
43,oddish,grass,poison,45,50,55,75,65,30,320,1
44,gloom,grass,poison,60,65,70,85,75,40,395,1
45,vileplume,grass,poison,75,80,85,110,90,50,490,1
46,paras,bug,grass,35,70,55,45,55,25,285,1
47,parasect,bug,grass,60,95,80,60,80,30,405,1
48,venonat,bug,poison,60,55,50,40,55,45,305,1
49,venomoth,bug,poison,70,65,60,90,75,90,450,1
50,diglett,ground,Null,10,55,25,35,45,95,265,1
51,dugtrio,ground,Null,35,100,50,50,70,120,425,1
52,meowth,normal,Null,40,45,35,40,40,90,290,1
53,persian,normal,Null,65,70,60,65,65,115,440,1
54,psyduck,water,Null,50,52,48,65,50,55,320,1
55,golduck,water,Null,80,82,78,95,80,85,500,1
56,mankey,fighting,Null,40,80,35,35,45,70,305,1
57,primeape,fighting,Null,65,105,60,60,70,95,455,1
58,growlithe,fire,Null,55,70,45,70,50,60,350,1
59,arcanine,fire,Null,90,110,80,100,80,95,555,1
60,poliwag,water,Null,40,50,40,40,40,90,300,1
61,poliwhirl,water,Null,65,65,65,50,50,90,385,1
62,poliwrath,water,fighting,90,95,95,70,90,70,510,1
63,abra,psychic,Null,25,20,15,105,55,90,310,1
64,kadabra,psychic,Null,40,35,30,120,70,105,400,1
65,alakazam,psychic,Null,55,50,45,135,95,120,500,1
66,machop,fighting,Null,70,80,50,35,35,35,305,1
67,machoke,fighting,Null,80,100,70,50,60,45,405,1
68,machamp,fighting,Null,90,130,80,65,85,55,505,1
69,bellsprout,grass,poison,50,75,35,70,30,40,300,1
70,weepinbell,grass,poison,65,90,50,85,45,55,390,1
71,victreebel,grass,poison,80,105,65,100,70,70,490,1
72,tentacool,water,poison,40,40,35,50,100,70,335,1
73,tentacruel,water,poison,80,70,65,80,120,100,515,1
74,geodude,rock,ground,40,80,100,30,30,20,300,1
75,graveler,rock,ground,55,95,115,45,45,35,390,1
76,golem,rock,ground,80,120,130,55,65,45,495,1
77,ponyta,fire,Null,50,85,55,65,65,90,410,1
78,rapidash,fire,Null,65,100,70,80,80,105,500,1
79,slowpoke,water,psychic,90,65,65,40,40,15,315,1
80,slowbro,water,psychic,95,75,110,100,80,30,490,1
81,magnemite,electric,steel,25,35,70,95,55,45,325,1
82,magneton,electric,steel,50,60,95,120,70,70,465,1
83,farfetchd,normal,flying,52,90,55,58,62,60,377,1
84,doduo,normal,flying,35,85,45,35,35,75,310,1
85,dodrio,normal,flying,60,110,70,60,60,110,470,1
86,seel,water,Null,65,45,55,45,70,45,325,1
87,dewgong,water,ice,90,70,80,70,95,70,475,1
88,grimer,poison,Null,80,80,50,40,50,25,325,1
89,muk,poison,Null,105,105,75,65,100,50,500,1
90,shellder,water,Null,30,65,100,45,25,40,305,1
91,cloyster,water,ice,50,95,180,85,45,70,525,1
92,gastly,ghost,poison,30,35,30,100,35,80,310,1
93,haunter,ghost,poison,45,50,45,115,55,95,405,1
94,gengar,ghost,poison,60,65,60,130,75,110,500,1
95,onix,rock,ground,35,45,160,30,45,70,385,1
96,drowzee,psychic,Null,60,48,45,43,90,42,328,1
97,hypno,psychic,Null,85,73,70,73,115,67,483,1
98,krabby,water,Null,30,105,90,25,25,50,325,1
99,kingler,water,Null,55,130,115,50,50,75,475,1
100,voltorb,electric,Null,40,30,50,55,55,100,330,1
101,electrode,electric,Null,60,50,70,80,80,150,490,1
102,exeggcute,grass,psychic,60,40,80,60,45,40,325,1
103,exeggutor,grass,psychic,95,95,85,125,75,55,530,1
104,cubone,ground,Null,50,50,95,40,50,35,320,1
105,marowak,ground,Null,60,80,110,50,80,45,425,1
106,hitmonlee,fighting,Null,50,120,53,35,110,87,455,1
107,hitmonchan,fighting,Null,50,105,79,35,110,76,455,1
108,lickitung,normal,Null,90,55,75,60,75,30,385,1
109,koffing,poison,Null,40,65,95,60,45,35,340,1
110,weezing,poison,Null,65,90,120,85,70,60,490,1
111,rhyhorn,ground,rock,80,85,95,30,30,25,345,1
112,rhydon,ground,rock,105,130,120,45,45,40,485,1
113,chansey,normal,Null,250,5,5,35,105,50,450,1
114,tangela,grass,Null,65,55,115,100,40,60,435,1
115,kangaskhan,normal,Null,105,95,80,40,80,90,490,1
116,horsea,water,Null,30,40,70,70,25,60,295,1
117,seadra,water,Null,55,65,95,95,45,85,440,1
118,goldeen,water,Null,45,67,60,35,50,63,320,1
119,seaking,water,Null,80,92,65,65,80,68,450,1
120,staryu,water,Null,30,45,55,70,55,85,340,1
121,starmie,water,psychic,60,75,85,100,85,115,520,1
122,mr-mime,psychic,fairy,40,45,65,100,120,90,460,1
123,scyther,bug,flying,70,110,80,55,80,105,500,1
124,jynx,ice,psychic,65,50,35,115,95,95,455,1
125,electabuzz,electric,Null,65,83,57,95,85,105,490,1
126,magmar,fire,Null,65,95,57,100,85,93,495,1
127,pinsir,bug,Null,65,125,100,55,70,85,500,1
128,tauros,normal,Null,75,100,95,40,70,110,490,1
129,magikarp,water,Null,20,10,55,15,20,80,200,1
130,gyarados,water,flying,95,125,79,60,100,81,540,1
131,lapras,water,ice,130,85,80,85,95,60,535,1
132,ditto,normal,Null,48,48,48,48,48,48,288,1
133,eevee,normal,Null,55,55,50,45,65,55,325,1
134,vaporeon,water,Null,130,65,60,110,95,65,525,1
135,jolteon,electric,Null,65,65,60,110,95,130,525,1
136,flareon,fire,Null,65,130,60,95,110,65,525,1
137,porygon,normal,Null,65,60,70,85,75,40,395,1
138,omanyte,rock,water,35,40,100,90,55,35,355,1
139,omastar,rock,water,70,60,125,115,70,55,495,1
140,kabuto,rock,water,30,80,90,55,45,55,355,1
141,kabutops,rock,water,60,115,105,65,70,80,495,1
142,aerodactyl,rock,flying,80,105,65,60,75,130,515,1
143,snorlax,normal,Null,160,110,65,65,110,30,540,1
144,articuno,ice,flying,90,85,100,95,125,85,580,1
145,zapdos,electric,flying,90,90,85,125,90,100,580,1
146,moltres,fire,flying,90,100,90,125,85,90,580,1
147,dratini,dragon,Null,41,64,45,50,50,50,300,1
148,dragonair,dragon,Null,61,84,65,70,70,70,420,1
149,dragonite,dragon,flying,91,134,95,100,100,80,600,1
150,mewtwo,psychic,Null,106,110,90,154,90,130,680,1
151,mew,psychic,Null,100,100,100,100,100,100,600,1
152,chikorita,grass,Null,45,49,65,49,65,45,318,2
153,bayleef,grass,Null,60,62,80,63,80,60,405,2
154,meganium,grass,Null,80,82,100,83,100,80,525,2
155,cyndaquil,fire,Null,39,52,43,60,50,65,309,2
156,quilava,fire,Null,58,64,58,80,65,80,405,2
157,typhlosion,fire,Null,78,84,78,109,85,100,534,2
158,totodile,water,Null,50,65,64,44,48,43,314,2
159,croconaw,water,Null,65,80,80,59,63,58,405,2
160,feraligatr,water,Null,85,105,100,79,83,78,530,2
161,sentret,normal,Null,35,46,34,35,45,20,215,2
162,furret,normal,Null,85,76,64,45,55,90,415,2
163,hoothoot,normal,flying,60,30,30,36,56,50,262,2
164,noctowl,normal,flying,100,50,50,86,96,70,452,2
165,ledyba,bug,flying,40,20,30,40,80,55,265,2
166,ledian,bug,flying,55,35,50,55,110,85,390,2
167,spinarak,bug,poison,40,60,40,40,40,30,250,2
168,ariados,bug,poison,70,90,70,60,70,40,400,2
169,crobat,poison,flying,85,90,80,70,80,130,535,2
170,chinchou,water,electric,75,38,38,56,56,67,330,2
171,lanturn,water,electric,125,58,58,76,76,67,460,2
172,pichu,electric,Null,20,40,15,35,35,60,205,2
173,cleffa,fairy,Null,50,25,28,45,55,15,218,2
174,igglybuff,normal,fairy,90,30,15,40,20,15,210,2
175,togepi,fairy,Null,35,20,65,40,65,20,245,2
176,togetic,fairy,flying,55,40,85,80,105,40,405,2
177,natu,psychic,flying,40,50,45,70,45,70,320,2
178,xatu,psychic,flying,65,75,70,95,70,95,470,2
179,mareep,electric,Null,55,40,40,65,45,35,280,2
180,flaaffy,electric,Null,70,55,55,80,60,45,365,2
181,ampharos,electric,Null,90,75,85,115,90,55,510,2
182,bellossom,grass,Null,75,80,95,90,100,50,490,2
183,marill,water,fairy,70,20,50,20,50,40,250,2
184,azumarill,water,fairy,100,50,80,60,80,50,420,2
185,sudowoodo,rock,Null,70,100,115,30,65,30,410,2
186,politoed,water,Null,90,75,75,90,100,70,500,2
187,hoppip,grass,flying,35,35,40,35,55,50,250,2
188,skiploom,grass,flying,55,45,50,45,65,80,340,2
189,jumpluff,grass,flying,75,55,70,55,95,110,460,2
190,aipom,normal,Null,55,70,55,40,55,85,360,2
191,sunkern,grass,Null,30,30,30,30,30,30,180,2
192,sunflora,grass,Null,75,75,55,105,85,30,425,2
193,yanma,bug,flying,65,65,45,75,45,95,390,2
194,wooper,water,ground,55,45,45,25,25,15,210,2
195,quagsire,water,ground,95,85,85,65,65,35,430,2
196,espeon,psychic,Null,65,65,60,130,95,110,525,2
197,umbreon,dark,Null,95,65,110,60,130,65,525,2
198,murkrow,dark,flying,60,85,42,85,42,91,405,2
199,slowking,water,psychic,95,75,80,100,110,30,490,2
200,misdreavus,ghost,Null,60,60,60,85,85,85,435,2
201,unown,psychic,Null,48,72,48,72,48,48,336,2
202,wobbuffet,psychic,Null,190,33,58,33,58,33,405,2
203,girafarig,normal,psychic,70,80,65,90,65,85,455,2
204,pineco,bug,Null,50,65,90,35,35,15,290,2
205,forretress,bug,steel,75,90,140,60,60,40,465,2
206,dunsparce,normal,Null,100,70,70,65,65,45,415,2
207,gligar,ground,flying,65,75,105,35,65,85,430,2
208,steelix,steel,ground,75,85,200,55,65,30,510,2
209,snubbull,fairy,Null,60,80,50,40,40,30,300,2
210,granbull,fairy,Null,90,120,75,60,60,45,450,2
211,qwilfish,water,poison,65,95,85,55,55,85,440,2
212,scizor,bug,steel,70,130,100,55,80,65,500,2
213,shuckle,bug,rock,20,10,230,10,230,5,505,2
214,heracross,bug,fighting,80,125,75,40,95,85,500,2
215,sneasel,dark,ice,55,95,55,35,75,115,430,2
216,teddiursa,normal,Null,60,80,50,50,50,40,330,2
217,ursaring,normal,Null,90,130,75,75,75,55,500,2
218,slugma,fire,Null,40,40,40,70,40,20,250,2
219,magcargo,fire,rock,60,50,120,90,80,30,430,2
220,swinub,ice,ground,50,50,40,30,30,50,250,2
221,piloswine,ice,ground,100,100,80,60,60,50,450,2
222,corsola,water,rock,65,55,95,65,95,35,410,2
223,remoraid,water,Null,35,65,35,65,35,65,300,2
224,octillery,water,Null,75,105,75,105,75,45,480,2
225,delibird,ice,flying,45,55,45,65,45,75,330,2
226,mantine,water,flying,85,40,70,80,140,70,485,2
227,skarmory,steel,flying,65,80,140,40,70,70,465,2
228,houndour,dark,fire,45,60,30,80,50,65,330,2
229,houndoom,dark,fire,75,90,50,110,80,95,500,2
230,kingdra,water,dragon,75,95,95,95,95,85,540,2
231,phanpy,ground,Null,90,60,60,40,40,40,330,2
232,donphan,ground,Null,90,120,120,60,60,50,500,2
233,porygon2,normal,Null,85,80,90,105,95,60,515,2
234,stantler,normal,Null,73,95,62,85,65,85,465,2
235,smeargle,normal,Null,55,20,35,20,45,75,250,2
236,tyrogue,fighting,Null,35,35,35,35,35,35,210,2
237,hitmontop,fighting,Null,50,95,95,35,110,70,455,2
238,smoochum,ice,psychic,45,30,15,85,65,65,305,2
239,elekid,electric,Null,45,63,37,65,55,95,360,2
240,magby,fire,Null,45,75,37,70,55,83,365,2
241,miltank,normal,Null,95,80,105,40,70,100,490,2
242,blissey,normal,Null,255,10,10,75,135,55,540,2
243,raikou,electric,Null,90,85,75,115,100,115,580,2
244,entei,fire,Null,115,115,85,90,75,100,580,2
245,suicune,water,Null,100,75,115,90,115,85,580,2
246,larvitar,rock,ground,50,64,50,45,50,41,300,2
247,pupitar,rock,ground,70,84,70,65,70,51,410,2
248,tyranitar,rock,dark,100,134,110,95,100,61,600,2
249,lugia,psychic,flying,106,90,130,90,154,110,680,2
250,ho-oh,fire,flying,106,130,90,110,154,90,680,2
251,celebi,psychic,grass,100,100,100,100,100,100,600,2
252,treecko,grass,Null,40,45,35,65,55,70,310,3
253,grovyle,grass,Null,50,65,45,85,65,95,405,3
254,sceptile,grass,Null,70,85,65,105,85,120,530,3
255,torchic,fire,Null,45,60,40,70,50,45,310,3
256,combusken,fire,fighting,60,85,60,85,60,55,405,3
257,blaziken,fire,fighting,80,120,70,110,70,80,530,3
258,mudkip,water,Null,50,70,50,50,50,40,310,3
259,marshtomp,water,ground,70,85,70,60,70,50,405,3
260,swampert,water,ground,100,110,90,85,90,60,535,3
261,poochyena,dark,Null,35,55,35,30,30,35,220,3
262,mightyena,dark,Null,70,90,70,60,60,70,420,3
263,zigzagoon,normal,Null,38,30,41,30,41,60,240,3
264,linoone,normal,Null,78,70,61,50,61,100,420,3
265,wurmple,bug,Null,45,45,35,20,30,20,195,3
266,silcoon,bug,Null,50,35,55,25,25,15,205,3
267,beautifly,bug,flying,60,70,50,100,50,65,395,3
268,cascoon,bug,Null,50,35,55,25,25,15,205,3
269,dustox,bug,poison,60,50,70,50,90,65,385,3
270,lotad,water,grass,40,30,30,40,50,30,220,3
271,lombre,water,grass,60,50,50,60,70,50,340,3
272,ludicolo,water,grass,80,70,70,90,100,70,480,3
273,seedot,grass,Null,40,40,50,30,30,30,220,3
274,nuzleaf,grass,dark,70,70,40,60,40,60,340,3
275,shiftry,grass,dark,90,100,60,90,60,80,480,3
276,taillow,normal,flying,40,55,30,30,30,85,270,3
277,swellow,normal,flying,60,85,60,75,50,125,455,3
278,wingull,water,flying,40,30,30,55,30,85,270,3
279,pelipper,water,flying,60,50,100,95,70,65,440,3
280,ralts,psychic,fairy,28,25,25,45,35,40,198,3
281,kirlia,psychic,fairy,38,35,35,65,55,50,278,3
282,gardevoir,psychic,fairy,68,65,65,125,115,80,518,3
283,surskit,bug,water,40,30,32,50,52,65,269,3
284,masquerain,bug,flying,70,60,62,100,82,80,454,3
285,shroomish,grass,Null,60,40,60,40,60,35,295,3
286,breloom,grass,fighting,60,130,80,60,60,70,460,3
287,slakoth,normal,Null,60,60,60,35,35,30,280,3
288,vigoroth,normal,Null,80,80,80,55,55,90,440,3
289,slaking,normal,Null,150,160,100,95,65,100,670,3
290,nincada,bug,ground,31,45,90,30,30,40,266,3
291,ninjask,bug,flying,61,90,45,50,50,160,456,3
292,shedinja,bug,ghost,1,90,45,30,30,40,236,3
293,whismur,normal,Null,64,51,23,51,23,28,240,3
294,loudred,normal,Null,84,71,43,71,43,48,360,3
295,exploud,normal,Null,104,91,63,91,73,68,490,3
296,makuhita,fighting,Null,72,60,30,20,30,25,237,3
297,hariyama,fighting,Null,144,120,60,40,60,50,474,3
298,azurill,normal,fairy,50,20,40,20,40,20,190,3
299,nosepass,rock,Null,30,45,135,45,90,30,375,3
300,skitty,normal,Null,50,45,45,35,35,50,260,3
301,delcatty,normal,Null,70,65,65,55,55,90,400,3
302,sableye,dark,ghost,50,75,75,65,65,50,380,3
303,mawile,steel,fairy,50,85,85,55,55,50,380,3
304,aron,steel,rock,50,70,100,40,40,30,330,3
305,lairon,steel,rock,60,90,140,50,50,40,430,3
306,aggron,steel,rock,70,110,180,60,60,50,530,3
307,meditite,fighting,psychic,30,40,55,40,55,60,280,3
308,medicham,fighting,psychic,60,60,75,60,75,80,410,3
309,electrike,electric,Null,40,45,40,65,40,65,295,3
310,manectric,electric,Null,70,75,60,105,60,105,475,3
311,plusle,electric,Null,60,50,40,85,75,95,405,3
312,minun,electric,Null,60,40,50,75,85,95,405,3
313,volbeat,bug,Null,65,73,75,47,85,85,430,3
314,illumise,bug,Null,65,47,75,73,85,85,430,3
315,roselia,grass,poison,50,60,45,100,80,65,400,3
316,gulpin,poison,Null,70,43,53,43,53,40,302,3
317,swalot,poison,Null,100,73,83,73,83,55,467,3
318,carvanha,water,dark,45,90,20,65,20,65,305,3
319,sharpedo,water,dark,70,120,40,95,40,95,460,3
320,wailmer,water,Null,130,70,35,70,35,60,400,3
321,wailord,water,Null,170,90,45,90,45,60,500,3
322,numel,fire,ground,60,60,40,65,45,35,305,3
323,camerupt,fire,ground,70,100,70,105,75,40,460,3
324,torkoal,fire,Null,70,85,140,85,70,20,470,3
325,spoink,psychic,Null,60,25,35,70,80,60,330,3
326,grumpig,psychic,Null,80,45,65,90,110,80,470,3
327,spinda,normal,Null,60,60,60,60,60,60,360,3
328,trapinch,ground,Null,45,100,45,45,45,10,290,3
329,vibrava,ground,dragon,50,70,50,50,50,70,340,3
330,flygon,ground,dragon,80,100,80,80,80,100,520,3
331,cacnea,grass,Null,50,85,40,85,40,35,335,3
332,cacturne,grass,dark,70,115,60,115,60,55,475,3
333,swablu,normal,flying,45,40,60,40,75,50,310,3
334,altaria,dragon,flying,75,70,90,70,105,80,490,3
335,zangoose,normal,Null,73,115,60,60,60,90,458,3
336,seviper,poison,Null,73,100,60,100,60,65,458,3
337,lunatone,rock,psychic,90,55,65,95,85,70,460,3
338,solrock,rock,psychic,90,95,85,55,65,70,460,3
339,barboach,water,ground,50,48,43,46,41,60,288,3
340,whiscash,water,ground,110,78,73,76,71,60,468,3
341,corphish,water,Null,43,80,65,50,35,35,308,3
342,crawdaunt,water,dark,63,120,85,90,55,55,468,3
343,baltoy,ground,psychic,40,40,55,40,70,55,300,3
344,claydol,ground,psychic,60,70,105,70,120,75,500,3
345,lileep,rock,grass,66,41,77,61,87,23,355,3
346,cradily,rock,grass,86,81,97,81,107,43,495,3
347,anorith,rock,bug,45,95,50,40,50,75,355,3
348,armaldo,rock,bug,75,125,100,70,80,45,495,3
349,feebas,water,Null,20,15,20,10,55,80,200,3
350,milotic,water,Null,95,60,79,100,125,81,540,3
351,castform,normal,Null,70,70,70,70,70,70,420,3
352,kecleon,normal,Null,60,90,70,60,120,40,440,3
353,shuppet,ghost,Null,44,75,35,63,33,45,295,3
354,banette,ghost,Null,64,115,65,83,63,65,455,3
355,duskull,ghost,Null,20,40,90,30,90,25,295,3
356,dusclops,ghost,Null,40,70,130,60,130,25,455,3
357,tropius,grass,flying,99,68,83,72,87,51,460,3
358,chimecho,psychic,Null,75,50,80,95,90,65,455,3
359,absol,dark,Null,65,130,60,75,60,75,465,3
360,wynaut,psychic,Null,95,23,48,23,48,23,260,3
361,snorunt,ice,Null,50,50,50,50,50,50,300,3
362,glalie,ice,Null,80,80,80,80,80,80,480,3
363,spheal,ice,water,70,40,50,55,50,25,290,3
364,sealeo,ice,water,90,60,70,75,70,45,410,3
365,walrein,ice,water,110,80,90,95,90,65,530,3
366,clamperl,water,Null,35,64,85,74,55,32,345,3
367,huntail,water,Null,55,104,105,94,75,52,485,3
368,gorebyss,water,Null,55,84,105,114,75,52,485,3
369,relicanth,water,rock,100,90,130,45,65,55,485,3
370,luvdisc,water,Null,43,30,55,40,65,97,330,3
371,bagon,dragon,Null,45,75,60,40,30,50,300,3
372,shelgon,dragon,Null,65,95,100,60,50,50,420,3
373,salamence,dragon,flying,95,135,80,110,80,100,600,3
374,beldum,steel,psychic,40,55,80,35,60,30,300,3
375,metang,steel,psychic,60,75,100,55,80,50,420,3
376,metagross,steel,psychic,80,135,130,95,90,70,600,3
377,regirock,rock,Null,80,100,200,50,100,50,580,3
378,regice,ice,Null,80,50,100,100,200,50,580,3
379,registeel,steel,Null,80,75,150,75,150,50,580,3
380,latias,dragon,psychic,80,80,90,110,130,110,600,3
381,latios,dragon,psychic,80,90,80,130,110,110,600,3
382,kyogre,water,Null,100,100,90,150,140,90,670,3
383,groudon,ground,Null,100,150,140,100,90,90,670,3
384,rayquaza,dragon,flying,105,150,90,150,90,95,680,3
385,jirachi,steel,psychic,100,100,100,100,100,100,600,3
386,deoxys-normal,psychic,Null,50,150,50,150,50,150,600,3
387,turtwig,grass,Null,55,68,64,45,55,31,318,4
388,grotle,grass,Null,75,89,85,55,65,36,405,4
389,torterra,grass,ground,95,109,105,75,85,56,525,4
390,chimchar,fire,Null,44,58,44,58,44,61,309,4
391,monferno,fire,fighting,64,78,52,78,52,81,405,4
392,infernape,fire,fighting,76,104,71,104,71,108,534,4
393,piplup,water,Null,53,51,53,61,56,40,314,4
394,prinplup,water,Null,64,66,68,81,76,50,405,4
395,empoleon,water,steel,84,86,88,111,101,60,530,4
396,starly,normal,flying,40,55,30,30,30,60,245,4
397,staravia,normal,flying,55,75,50,40,40,80,340,4
398,staraptor,normal,flying,85,120,70,50,60,100,485,4
399,bidoof,normal,Null,59,45,40,35,40,31,250,4
400,bibarel,normal,water,79,85,60,55,60,71,410,4
401,kricketot,bug,Null,37,25,41,25,41,25,194,4
402,kricketune,bug,Null,77,85,51,55,51,65,384,4
403,shinx,electric,Null,45,65,34,40,34,45,263,4
404,luxio,electric,Null,60,85,49,60,49,60,363,4
405,luxray,electric,Null,80,120,79,95,79,70,523,4
406,budew,grass,poison,40,30,35,50,70,55,280,4
407,roserade,grass,poison,60,70,65,125,105,90,515,4
408,cranidos,rock,Null,67,125,40,30,30,58,350,4
409,rampardos,rock,Null,97,165,60,65,50,58,495,4
410,shieldon,rock,steel,30,42,118,42,88,30,350,4
411,bastiodon,rock,steel,60,52,168,47,138,30,495,4
412,burmy,bug,Null,40,29,45,29,45,36,224,4
413,wormadam-plant,bug,grass,60,59,85,79,105,36,424,4
414,mothim,bug,flying,70,94,50,94,50,66,424,4
415,combee,bug,flying,30,30,42,30,42,70,244,4
416,vespiquen,bug,flying,70,80,102,80,102,40,474,4
417,pachirisu,electric,Null,60,45,70,45,90,95,405,4
418,buizel,water,Null,55,65,35,60,30,85,330,4
419,floatzel,water,Null,85,105,55,85,50,115,495,4
420,cherubi,grass,Null,45,35,45,62,53,35,275,4
421,cherrim,grass,Null,70,60,70,87,78,85,450,4
422,shellos,water,Null,76,48,48,57,62,34,325,4
423,gastrodon,water,ground,111,83,68,92,82,39,475,4
424,ambipom,normal,Null,75,100,66,60,66,115,482,4
425,drifloon,ghost,flying,90,50,34,60,44,70,348,4
426,drifblim,ghost,flying,150,80,44,90,54,80,498,4
427,buneary,normal,Null,55,66,44,44,56,85,350,4
428,lopunny,normal,Null,65,76,84,54,96,105,480,4
429,mismagius,ghost,Null,60,60,60,105,105,105,495,4
430,honchkrow,dark,flying,100,125,52,105,52,71,505,4
431,glameow,normal,Null,49,55,42,42,37,85,310,4
432,purugly,normal,Null,71,82,64,64,59,112,452,4
433,chingling,psychic,Null,45,30,50,65,50,45,285,4
434,stunky,poison,dark,63,63,47,41,41,74,329,4
435,skuntank,poison,dark,103,93,67,71,61,84,479,4
436,bronzor,steel,psychic,57,24,86,24,86,23,300,4
437,bronzong,steel,psychic,67,89,116,79,116,33,500,4
438,bonsly,rock,Null,50,80,95,10,45,10,290,4
439,mime-jr,psychic,fairy,20,25,45,70,90,60,310,4
440,happiny,normal,Null,100,5,5,15,65,30,220,4
441,chatot,normal,flying,76,65,45,92,42,91,411,4
442,spiritomb,ghost,dark,50,92,108,92,108,35,485,4
443,gible,dragon,ground,58,70,45,40,45,42,300,4
444,gabite,dragon,ground,68,90,65,50,55,82,410,4
445,garchomp,dragon,ground,108,130,95,80,85,102,600,4
446,munchlax,normal,Null,135,85,40,40,85,5,390,4
447,riolu,fighting,Null,40,70,40,35,40,60,285,4
448,lucario,fighting,steel,70,110,70,115,70,90,525,4
449,hippopotas,ground,Null,68,72,78,38,42,32,330,4
450,hippowdon,ground,Null,108,112,118,68,72,47,525,4
451,skorupi,poison,bug,40,50,90,30,55,65,330,4
452,drapion,poison,dark,70,90,110,60,75,95,500,4
453,croagunk,poison,fighting,48,61,40,61,40,50,300,4
454,toxicroak,poison,fighting,83,106,65,86,65,85,490,4
455,carnivine,grass,Null,74,100,72,90,72,46,454,4
456,finneon,water,Null,49,49,56,49,61,66,330,4
457,lumineon,water,Null,69,69,76,69,86,91,460,4
458,mantyke,water,flying,45,20,50,60,120,50,345,4
459,snover,grass,ice,60,62,50,62,60,40,334,4
460,abomasnow,grass,ice,90,92,75,92,85,60,494,4
461,weavile,dark,ice,70,120,65,45,85,125,510,4
462,magnezone,electric,steel,70,70,115,130,90,60,535,4
463,lickilicky,normal,Null,110,85,95,80,95,50,515,4
464,rhyperior,ground,rock,115,140,130,55,55,40,535,4
465,tangrowth,grass,Null,100,100,125,110,50,50,535,4
466,electivire,electric,Null,75,123,67,95,85,95,540,4
467,magmortar,fire,Null,75,95,67,125,95,83,540,4
468,togekiss,fairy,flying,85,50,95,120,115,80,545,4
469,yanmega,bug,flying,86,76,86,116,56,95,515,4
470,leafeon,grass,Null,65,110,130,60,65,95,525,4
471,glaceon,ice,Null,65,60,110,130,95,65,525,4
472,gliscor,ground,flying,75,95,125,45,75,95,510,4
473,mamoswine,ice,ground,110,130,80,70,60,80,530,4
474,porygon-z,normal,Null,85,80,70,135,75,90,535,4
475,gallade,psychic,fighting,68,125,65,65,115,80,518,4
476,probopass,rock,steel,60,55,145,75,150,40,525,4
477,dusknoir,ghost,Null,45,100,135,65,135,45,525,4
478,froslass,ice,ghost,70,80,70,80,70,110,480,4
479,rotom,electric,ghost,50,50,77,95,77,91,440,4
480,uxie,psychic,Null,75,75,130,75,130,95,580,4
481,mesprit,psychic,Null,80,105,105,105,105,80,580,4
482,azelf,psychic,Null,75,125,70,125,70,115,580,4
483,dialga,steel,dragon,100,120,120,150,100,90,680,4
484,palkia,water,dragon,90,120,100,150,120,100,680,4
485,heatran,fire,steel,91,90,106,130,106,77,600,4
486,regigigas,normal,Null,110,160,110,80,110,100,670,4
487,giratina-altered,ghost,dragon,150,100,120,100,120,90,680,4
488,cresselia,psychic,Null,120,70,110,75,120,85,580,4
489,phione,water,Null,80,80,80,80,80,80,480,4
490,manaphy,water,Null,100,100,100,100,100,100,600,4
491,darkrai,dark,Null,70,90,90,135,90,125,600,4
492,shaymin-land,grass,Null,100,100,100,100,100,100,600,4
493,arceus,normal,Null,120,120,120,120,120,120,720,4
494,victini,psychic,fire,100,100,100,100,100,100,600,5
495,snivy,grass,Null,45,45,55,45,55,63,308,5
496,servine,grass,Null,60,60,75,60,75,83,413,5
497,serperior,grass,Null,75,75,95,75,95,113,528,5
498,tepig,fire,Null,65,63,45,45,45,45,308,5
499,pignite,fire,fighting,90,93,55,70,55,55,418,5
500,emboar,fire,fighting,110,123,65,100,65,65,528,5
501,oshawott,water,Null,55,55,45,63,45,45,308,5
502,dewott,water,Null,75,75,60,83,60,60,413,5
503,samurott,water,Null,95,100,85,108,70,70,528,5
504,patrat,normal,Null,45,55,39,35,39,42,255,5
505,watchog,normal,Null,60,85,69,60,69,77,420,5
506,lillipup,normal,Null,45,60,45,25,45,55,275,5
507,herdier,normal,Null,65,80,65,35,65,60,370,5
508,stoutland,normal,Null,85,110,90,45,90,80,500,5
509,purrloin,dark,Null,41,50,37,50,37,66,281,5
510,liepard,dark,Null,64,88,50,88,50,106,446,5
511,pansage,grass,Null,50,53,48,53,48,64,316,5
512,simisage,grass,Null,75,98,63,98,63,101,498,5
513,pansear,fire,Null,50,53,48,53,48,64,316,5
514,simisear,fire,Null,75,98,63,98,63,101,498,5
515,panpour,water,Null,50,53,48,53,48,64,316,5
516,simipour,water,Null,75,98,63,98,63,101,498,5
517,munna,psychic,Null,76,25,45,67,55,24,292,5
518,musharna,psychic,Null,116,55,85,107,95,29,487,5
519,pidove,normal,flying,50,55,50,36,30,43,264,5
520,tranquill,normal,flying,62,77,62,50,42,65,358,5
521,unfezant,normal,flying,80,115,80,65,55,93,488,5
522,blitzle,electric,Null,45,60,32,50,32,76,295,5
523,zebstrika,electric,Null,75,100,63,80,63,116,497,5
524,roggenrola,rock,Null,55,75,85,25,25,15,280,5
525,boldore,rock,Null,70,105,105,50,40,20,390,5
526,gigalith,rock,Null,85,135,130,60,80,25,515,5
527,woobat,psychic,flying,65,45,43,55,43,72,323,5
528,swoobat,psychic,flying,67,57,55,77,55,114,425,5
529,drilbur,ground,Null,60,85,40,30,45,68,328,5
530,excadrill,ground,steel,110,135,60,50,65,88,508,5
531,audino,normal,Null,103,60,86,60,86,50,445,5
532,timburr,fighting,Null,75,80,55,25,35,35,305,5
533,gurdurr,fighting,Null,85,105,85,40,50,40,405,5
534,conkeldurr,fighting,Null,105,140,95,55,65,45,505,5
535,tympole,water,Null,50,50,40,50,40,64,294,5
536,palpitoad,water,ground,75,65,55,65,55,69,384,5
537,seismitoad,water,ground,105,95,75,85,75,74,509,5
538,throh,fighting,Null,120,100,85,30,85,45,465,5
539,sawk,fighting,Null,75,125,75,30,75,85,465,5
540,sewaddle,bug,grass,45,53,70,40,60,42,310,5
541,swadloon,bug,grass,55,63,90,50,80,42,380,5
542,leavanny,bug,grass,75,103,80,70,80,92,500,5
543,venipede,bug,poison,30,45,59,30,39,57,260,5
544,whirlipede,bug,poison,40,55,99,40,79,47,360,5
545,scolipede,bug,poison,60,100,89,55,69,112,485,5
546,cottonee,grass,fairy,40,27,60,37,50,66,280,5
547,whimsicott,grass,fairy,60,67,85,77,75,116,480,5
548,petilil,grass,Null,45,35,50,70,50,30,280,5
549,lilligant,grass,Null,70,60,75,110,75,90,480,5
550,basculin-red-striped,water,Null,70,92,65,80,55,98,460,5
551,sandile,ground,dark,50,72,35,35,35,65,292,5
552,krokorok,ground,dark,60,82,45,45,45,74,351,5
553,krookodile,ground,dark,95,117,80,65,70,92,519,5
554,darumaka,fire,Null,70,90,45,15,45,50,315,5
555,darmanitan-standard,fire,Null,105,140,55,30,55,95,480,5
556,maractus,grass,Null,75,86,67,106,67,60,461,5
557,dwebble,bug,rock,50,65,85,35,35,55,325,5
558,crustle,bug,rock,70,105,125,65,75,45,485,5
559,scraggy,dark,fighting,50,75,70,35,70,48,348,5
560,scrafty,dark,fighting,65,90,115,45,115,58,488,5
561,sigilyph,psychic,flying,72,58,80,103,80,97,490,5
562,yamask,ghost,Null,38,30,85,55,65,30,303,5
563,cofagrigus,ghost,Null,58,50,145,95,105,30,483,5
564,tirtouga,water,rock,54,78,103,53,45,22,355,5
565,carracosta,water,rock,74,108,133,83,65,32,495,5
566,archen,rock,flying,55,112,45,74,45,70,401,5
567,archeops,rock,flying,75,140,65,112,65,110,567,5
568,trubbish,poison,Null,50,50,62,40,62,65,329,5
569,garbodor,poison,Null,80,95,82,60,82,75,474,5
570,zorua,dark,Null,40,65,40,80,40,65,330,5
571,zoroark,dark,Null,60,105,60,120,60,105,510,5
572,minccino,normal,Null,55,50,40,40,40,75,300,5
573,cinccino,normal,Null,75,95,60,65,60,115,470,5
574,gothita,psychic,Null,45,30,50,55,65,45,290,5
575,gothorita,psychic,Null,60,45,70,75,85,55,390,5
576,gothitelle,psychic,Null,70,55,95,95,110,65,490,5
577,solosis,psychic,Null,45,30,40,105,50,20,290,5
578,duosion,psychic,Null,65,40,50,125,60,30,370,5
579,reuniclus,psychic,Null,110,65,75,125,85,30,490,5
580,ducklett,water,flying,62,44,50,44,50,55,305,5
581,swanna,water,flying,75,87,63,87,63,98,473,5
582,vanillite,ice,Null,36,50,50,65,60,44,305,5
583,vanillish,ice,Null,51,65,65,80,75,59,395,5
584,vanilluxe,ice,Null,71,95,85,110,95,79,535,5
585,deerling,normal,grass,60,60,50,40,50,75,335,5
586,sawsbuck,normal,grass,80,100,70,60,70,95,475,5
587,emolga,electric,flying,55,75,60,75,60,103,428,5
588,karrablast,bug,Null,50,75,45,40,45,60,315,5
589,escavalier,bug,steel,70,135,105,60,105,20,495,5
590,foongus,grass,poison,69,55,45,55,55,15,294,5
591,amoonguss,grass,poison,114,85,70,85,80,30,464,5
592,frillish,water,ghost,55,40,50,65,85,40,335,5
593,jellicent,water,ghost,100,60,70,85,105,60,480,5
594,alomomola,water,Null,165,75,80,40,45,65,470,5
595,joltik,bug,electric,50,47,50,57,50,65,319,5
596,galvantula,bug,electric,70,77,60,97,60,108,472,5
597,ferroseed,grass,steel,44,50,91,24,86,10,305,5
598,ferrothorn,grass,steel,74,94,131,54,116,20,489,5
599,klink,steel,Null,40,55,70,45,60,30,300,5
600,klang,steel,Null,60,80,95,70,85,50,440,5
601,klinklang,steel,Null,60,100,115,70,85,90,520,5
602,tynamo,electric,Null,35,55,40,45,40,60,275,5
603,eelektrik,electric,Null,65,85,70,75,70,40,405,5
604,eelektross,electric,Null,85,115,80,105,80,50,515,5
605,elgyem,psychic,Null,55,55,55,85,55,30,335,5
606,beheeyem,psychic,Null,75,75,75,125,95,40,485,5
607,litwick,ghost,fire,50,30,55,65,55,20,275,5
608,lampent,ghost,fire,60,40,60,95,60,55,370,5
609,chandelure,ghost,fire,60,55,90,145,90,80,520,5
610,axew,dragon,Null,46,87,60,30,40,57,320,5
611,fraxure,dragon,Null,66,117,70,40,50,67,410,5
612,haxorus,dragon,Null,76,147,90,60,70,97,540,5
613,cubchoo,ice,Null,55,70,40,60,40,40,305,5
614,beartic,ice,Null,95,130,80,70,80,50,505,5
615,cryogonal,ice,Null,80,50,50,95,135,105,515,5
616,shelmet,bug,Null,50,40,85,40,65,25,305,5
617,accelgor,bug,Null,80,70,40,100,60,145,495,5
618,stunfisk,ground,electric,109,66,84,81,99,32,471,5
619,mienfoo,fighting,Null,45,85,50,55,50,65,350,5
620,mienshao,fighting,Null,65,125,60,95,60,105,510,5
621,druddigon,dragon,Null,77,120,90,60,90,48,485,5
622,golett,ground,ghost,59,74,50,35,50,35,303,5
623,golurk,ground,ghost,89,124,80,55,80,55,483,5
624,pawniard,dark,steel,45,85,70,40,40,60,340,5
625,bisharp,dark,steel,65,125,100,60,70,70,490,5
626,bouffalant,normal,Null,95,110,95,40,95,55,490,5
627,rufflet,normal,flying,70,83,50,37,50,60,350,5
628,braviary,normal,flying,100,123,75,57,75,80,510,5
629,vullaby,dark,flying,70,55,75,45,65,60,370,5
630,mandibuzz,dark,flying,110,65,105,55,95,80,510,5
631,heatmor,fire,Null,85,97,66,105,66,65,484,5
632,durant,bug,steel,58,109,112,48,48,109,484,5
633,deino,dark,dragon,52,65,50,45,50,38,300,5
634,zweilous,dark,dragon,72,85,70,65,70,58,420,5
635,hydreigon,dark,dragon,92,105,90,125,90,98,600,5
636,larvesta,bug,fire,55,85,55,50,55,60,360,5
637,volcarona,bug,fire,85,60,65,135,105,100,550,5
638,cobalion,steel,fighting,91,90,129,90,72,108,580,5
639,terrakion,rock,fighting,91,129,90,72,90,108,580,5
640,virizion,grass,fighting,91,90,72,90,129,108,580,5
641,tornadus-incarnate,flying,Null,79,115,70,125,80,111,580,5
642,thundurus-incarnate,electric,flying,79,115,70,125,80,111,580,5
643,reshiram,dragon,fire,100,120,100,150,120,90,680,5
644,zekrom,dragon,electric,100,150,120,120,100,90,680,5
645,landorus-incarnate,ground,flying,89,125,90,115,80,101,600,5
646,kyurem,dragon,ice,125,130,90,130,90,95,660,5
647,keldeo-ordinary,water,fighting,91,72,90,129,90,108,580,5
648,meloetta-aria,normal,psychic,100,77,77,128,128,90,600,5
649,genesect,bug,steel,71,120,95,120,95,99,600,5
650,chespin,grass,Null,56,61,65,48,45,38,313,6
651,quilladin,grass,Null,61,78,95,56,58,57,405,6
652,chesnaught,grass,fighting,88,107,122,74,75,64,530,6
653,fennekin,fire,Null,40,45,40,62,60,60,307,6
654,braixen,fire,Null,59,59,58,90,70,73,409,6
655,delphox,fire,psychic,75,69,72,114,100,104,534,6
656,froakie,water,Null,41,56,40,62,44,71,314,6
657,frogadier,water,Null,54,63,52,83,56,97,405,6
658,greninja,water,dark,72,95,67,103,71,122,530,6
659,bunnelby,normal,Null,38,36,38,32,36,57,237,6
660,diggersby,normal,ground,85,56,77,50,77,78,423,6
661,fletchling,normal,flying,45,50,43,40,38,62,278,6
662,fletchinder,fire,flying,62,73,55,56,52,84,382,6
663,talonflame,fire,flying,78,81,71,74,69,126,499,6
664,scatterbug,bug,Null,38,35,40,27,25,35,200,6
665,spewpa,bug,Null,45,22,60,27,30,29,213,6
666,vivillon,bug,flying,80,52,50,90,50,89,411,6
667,litleo,fire,normal,62,50,58,73,54,72,369,6
668,pyroar,fire,normal,86,68,72,109,66,106,507,6
669,flabebe,fairy,Null,44,38,39,61,79,42,303,6
670,floette,fairy,Null,54,45,47,75,98,52,371,6
671,florges,fairy,Null,78,65,68,112,154,75,552,6
672,skiddo,grass,Null,66,65,48,62,57,52,350,6
673,gogoat,grass,Null,123,100,62,97,81,68,531,6
674,pancham,fighting,Null,67,82,62,46,48,43,348,6
675,pangoro,fighting,dark,95,124,78,69,71,58,495,6
676,furfrou,normal,Null,75,80,60,65,90,102,472,6
677,espurr,psychic,Null,62,48,54,63,60,68,355,6
678,meowstic-male,psychic,Null,74,48,76,83,81,104,466,6
679,honedge,steel,ghost,45,80,100,35,37,28,325,6
680,doublade,steel,ghost,59,110,150,45,49,35,448,6
681,aegislash-shield,steel,ghost,60,50,140,50,140,60,500,6
682,spritzee,fairy,Null,78,52,60,63,65,23,341,6
683,aromatisse,fairy,Null,101,72,72,99,89,29,462,6
684,swirlix,fairy,Null,62,48,66,59,57,49,341,6
685,slurpuff,fairy,Null,82,80,86,85,75,72,480,6
686,inkay,dark,psychic,53,54,53,37,46,45,288,6
687,malamar,dark,psychic,86,92,88,68,75,73,482,6
688,binacle,rock,water,42,52,67,39,56,50,306,6
689,barbaracle,rock,water,72,105,115,54,86,68,500,6
690,skrelp,poison,water,50,60,60,60,60,30,320,6
691,dragalge,poison,dragon,65,75,90,97,123,44,494,6
692,clauncher,water,Null,50,53,62,58,63,44,330,6
693,clawitzer,water,Null,71,73,88,120,89,59,500,6
694,helioptile,electric,normal,44,38,33,61,43,70,289,6
695,heliolisk,electric,normal,62,55,52,109,94,109,481,6
696,tyrunt,rock,dragon,58,89,77,45,45,48,362,6
697,tyrantrum,rock,dragon,82,121,119,69,59,71,521,6
698,amaura,rock,ice,77,59,50,67,63,46,362,6
699,aurorus,rock,ice,123,77,72,99,92,58,521,6
700,sylveon,fairy,Null,95,65,65,110,130,60,525,6
701,hawlucha,fighting,flying,78,92,75,74,63,118,500,6
702,dedenne,electric,fairy,67,58,57,81,67,101,431,6
703,carbink,rock,fairy,50,50,150,50,150,50,500,6
704,goomy,dragon,Null,45,50,35,55,75,40,300,6
705,sliggoo,dragon,Null,68,75,53,83,113,60,452,6
706,goodra,dragon,Null,90,100,70,110,150,80,600,6
707,klefki,steel,fairy,57,80,91,80,87,75,470,6
708,phantump,ghost,grass,43,70,48,50,60,38,309,6
709,trevenant,ghost,grass,85,110,76,65,82,56,474,6
710,pumpkaboo-average,ghost,grass,49,66,70,44,55,51,335,6
711,gourgeist-average,ghost,grass,65,90,122,58,75,84,494,6
712,bergmite,ice,Null,55,69,85,32,35,28,304,6
713,avalugg,ice,Null,95,117,184,44,46,28,514,6
714,noibat,flying,dragon,40,30,35,45,40,55,245,6
715,noivern,flying,dragon,85,70,80,97,80,123,535,6
716,xerneas,fairy,Null,126,131,95,131,98,99,680,6
717,yveltal,dark,flying,126,131,95,131,98,99,680,6
718,zygarde-50,dragon,ground,108,100,121,81,95,95,600,6
719,diancie,rock,fairy,50,100,150,100,150,50,600,6
720,hoopa,psychic,ghost,80,110,60,150,130,70,600,6
721,volcanion,fire,water,80,110,120,130,90,70,600,6
722,rowlet,grass,flying,68,55,55,50,50,42,320,7
723,dartrix,grass,flying,78,75,75,70,70,52,420,7
724,decidueye,grass,ghost,78,107,75,100,100,70,530,7
725,litten,fire,Null,45,65,40,60,40,70,320,7
726,torracat,fire,Null,65,85,50,80,50,90,420,7
727,incineroar,fire,dark,95,115,90,80,90,60,530,7
728,popplio,water,Null,50,54,54,66,56,40,320,7
729,brionne,water,Null,60,69,69,91,81,50,420,7
730,primarina,water,fairy,80,74,74,126,116,60,530,7
731,pikipek,normal,flying,35,75,30,30,30,65,265,7
732,trumbeak,normal,flying,55,85,50,40,50,75,355,7
733,toucannon,normal,flying,80,120,75,75,75,60,485,7
734,yungoos,normal,Null,48,70,30,30,30,45,253,7
735,gumshoos,normal,Null,88,110,60,55,60,45,418,7
736,grubbin,bug,Null,47,62,45,55,45,46,300,7
737,charjabug,bug,electric,57,82,95,55,75,36,400,7
738,vikavolt,bug,electric,77,70,90,145,75,43,500,7
739,crabrawler,fighting,Null,47,82,57,42,47,63,338,7
740,crabominable,fighting,ice,97,132,77,62,67,43,478,7
741,oricorio-baile,fire,flying,75,70,70,98,70,93,476,7
742,cutiefly,bug,fairy,40,45,40,55,40,84,304,7
743,ribombee,bug,fairy,60,55,60,95,70,124,464,7
744,rockruff,rock,Null,45,65,40,30,40,60,280,7
745,lycanroc-midday,rock,Null,75,115,65,55,65,112,487,7
746,wishiwashi-solo,water,Null,45,20,20,25,25,40,175,7
747,mareanie,poison,water,50,53,62,43,52,45,305,7
748,toxapex,poison,water,50,63,152,53,142,35,495,7
749,mudbray,ground,Null,70,100,70,45,55,45,385,7
750,mudsdale,ground,Null,100,125,100,55,85,35,500,7
751,dewpider,water,bug,38,40,52,40,72,27,269,7
752,araquanid,water,bug,68,70,92,50,132,42,454,7
753,fomantis,grass,Null,40,55,35,50,35,35,250,7
754,lurantis,grass,Null,70,105,90,80,90,45,480,7
755,morelull,grass,fairy,40,35,55,65,75,15,285,7
756,shiinotic,grass,fairy,60,45,80,90,100,30,405,7
757,salandit,poison,fire,48,44,40,71,40,77,320,7
758,salazzle,poison,fire,68,64,60,111,60,117,480,7
759,stufful,normal,fighting,70,75,50,45,50,50,340,7
760,bewear,normal,fighting,120,125,80,55,60,60,500,7
761,bounsweet,grass,Null,42,30,38,30,38,32,210,7
762,steenee,grass,Null,52,40,48,40,48,62,290,7
763,tsareena,grass,Null,72,120,98,50,98,72,510,7
764,comfey,fairy,Null,51,52,90,82,110,100,485,7
765,oranguru,normal,psychic,90,60,80,90,110,60,490,7
766,passimian,fighting,Null,100,120,90,40,60,80,490,7
767,wimpod,bug,water,25,35,40,20,30,80,230,7
768,golisopod,bug,water,75,125,140,60,90,40,530,7
769,sandygast,ghost,ground,55,55,80,70,45,15,320,7
770,palossand,ghost,ground,85,75,110,100,75,35,480,7
771,pyukumuku,water,Null,55,60,130,30,130,5,410,7
772,type-null,normal,Null,95,95,95,95,95,59,534,7
773,silvally,normal,Null,95,95,95,95,95,95,570,7
774,minior-red-meteor,rock,flying,60,60,100,60,100,60,440,7
775,komala,normal,Null,65,115,65,75,95,65,480,7
776,turtonator,fire,dragon,60,78,135,91,85,36,485,7
777,togedemaru,electric,steel,65,98,63,40,73,96,435,7
778,mimikyu-disguised,ghost,fairy,55,90,80,50,105,96,476,7
779,bruxish,water,psychic,68,105,70,70,70,92,475,7
780,drampa,normal,dragon,78,60,85,135,91,36,485,7
781,dhelmise,ghost,grass,70,131,100,86,90,40,517,7
782,jangmo-o,dragon,Null,45,55,65,45,45,45,300,7
783,hakamo-o,dragon,fighting,55,75,90,65,70,65,420,7
784,kommo-o,dragon,fighting,75,110,125,100,105,85,600,7
785,tapu-koko,electric,fairy,70,115,85,95,75,130,570,7
786,tapu-lele,psychic,fairy,70,85,75,130,115,95,570,7
787,tapu-bulu,grass,fairy,70,130,115,85,95,75,570,7
788,tapu-fini,water,fairy,70,75,115,95,130,85,570,7
789,cosmog,psychic,Null,43,29,31,29,31,37,200,7
790,cosmoem,psychic,Null,43,29,131,29,131,37,400,7
791,solgaleo,psychic,steel,137,137,107,113,89,97,680,7
792,lunala,psychic,ghost,137,113,89,137,107,97,680,7
793,nihilego,rock,poison,109,53,47,127,131,103,570,7
794,buzzwole,bug,fighting,107,139,139,53,53,79,570,7
795,pheromosa,bug,fighting,71,137,37,137,37,151,570,7
796,xurkitree,electric,Null,83,89,71,173,71,83,570,7
797,celesteela,steel,flying,97,101,103,107,101,61,570,7
798,kartana,grass,steel,59,181,131,59,31,109,570,7
799,guzzlord,dark,dragon,223,101,53,97,53,43,570,7
800,necrozma,psychic,Null,97,107,101,127,89,79,600,7
801,magearna,steel,fairy,80,95,115,130,115,65,600,7
802,marshadow,fighting,ghost,90,125,80,90,90,125,600,7
803,poipole,poison,Null,67,73,67,73,67,73,420,7
804,naganadel,poison,dragon,73,73,73,127,73,121,540,7
805,stakataka,rock,steel,61,131,211,53,101,13,570,7
806,blacephalon,fire,ghost,53,127,53,151,79,107,570,7
807,zeraora,electric,Null,88,112,75,102,80,143,600,7
808,meltan,steel,Null,46,65,65,55,35,34,300,7
809,melmetal,steel,Null,135,143,143,80,65,34,600,7
810,grookey,grass,Null,50,65,50,40,40,65,310,8
811,thwackey,grass,Null,70,85,70,55,60,80,420,8
812,rillaboom,grass,Null,100,125,90,60,70,85,530,8
813,scorbunny,fire,Null,50,71,40,40,40,69,310,8
814,raboot,fire,Null,65,86,60,55,60,94,420,8
815,cinderace,fire,Null,80,116,75,65,75,119,530,8
816,sobble,water,Null,50,40,40,70,40,70,310,8
817,drizzile,water,Null,65,60,55,95,55,90,420,8
818,inteleon,water,Null,70,85,65,125,65,120,530,8
819,skwovet,normal,Null,70,55,55,35,35,25,275,8
820,greedent,normal,Null,120,95,95,55,75,20,460,8
821,rookidee,flying,Null,38,47,35,33,35,57,245,8
822,corvisquire,flying,Null,68,67,55,43,55,77,365,8
823,corviknight,flying,steel,98,87,105,53,85,67,495,8
824,blipbug,bug,Null,25,20,20,25,45,45,180,8
825,dottler,bug,psychic,50,35,80,50,90,30,335,8
826,orbeetle,bug,psychic,60,45,110,80,120,90,505,8
827,nickit,dark,Null,40,28,28,47,52,50,245,8
828,thievul,dark,Null,70,58,58,87,92,90,455,8
829,gossifleur,grass,Null,40,40,60,40,60,10,250,8
830,eldegoss,grass,Null,60,50,90,80,120,60,460,8
831,wooloo,normal,Null,42,40,55,40,45,48,270,8
832,dubwool,normal,Null,72,80,100,60,90,88,490,8
833,chewtle,water,Null,50,64,50,38,38,44,284,8
834,drednaw,water,rock,90,115,90,48,68,74,485,8
835,yamper,electric,Null,59,45,50,40,50,26,270,8
836,boltund,electric,Null,69,90,60,90,60,121,490,8
837,rolycoly,rock,Null,30,40,50,40,50,30,240,8
838,carkol,rock,fire,80,60,90,60,70,50,410,8
839,coalossal,rock,fire,110,80,120,80,90,30,510,8
840,applin,grass,dragon,40,40,80,40,40,20,260,8
841,flapple,grass,dragon,70,110,80,95,60,70,485,8
842,appletun,grass,dragon,110,85,80,100,80,30,485,8
843,silicobra,ground,Null,52,57,75,35,50,46,315,8
844,sandaconda,ground,Null,72,107,125,65,70,71,510,8
845,cramorant,flying,water,70,85,55,85,95,85,475,8
846,arrokuda,water,Null,41,63,40,40,30,66,280,8
847,barraskewda,water,Null,61,123,60,60,50,136,490,8
848,toxel,electric,poison,40,38,35,54,35,40,242,8
849,toxtricity-amped,electric,poison,75,98,70,114,70,75,502,8
850,sizzlipede,fire,bug,50,65,45,50,50,45,305,8
851,centiskorch,fire,bug,100,115,65,90,90,65,525,8
852,clobbopus,fighting,Null,50,68,60,50,50,32,310,8
853,grapploct,fighting,Null,80,118,90,70,80,42,480,8
854,sinistea,ghost,Null,40,45,45,74,54,50,308,8
855,polteageist,ghost,Null,60,65,65,134,114,70,508,8
856,hatenna,psychic,Null,42,30,45,56,53,39,265,8
857,hattrem,psychic,Null,57,40,65,86,73,49,370,8
858,hatterene,psychic,fairy,57,90,95,136,103,29,510,8
859,impidimp,dark,fairy,45,45,30,55,40,50,265,8
860,morgrem,dark,fairy,65,60,45,75,55,70,370,8
861,grimmsnarl,dark,fairy,95,120,65,95,75,60,510,8
862,obstagoon,dark,normal,93,90,101,60,81,95,520,8
863,perrserker,steel,Null,70,110,100,50,60,50,440,8
864,cursola,ghost,Null,60,95,50,145,130,30,510,8
865,sirfetchd,fighting,Null,62,135,95,68,82,65,507,8
866,mr-rime,ice,psychic,80,85,75,110,100,70,520,8
867,runerigus,ground,ghost,58,95,145,50,105,30,483,8
868,milcery,fairy,Null,45,40,40,50,61,34,270,8
869,alcremie,fairy,Null,65,60,75,110,121,64,495,8
870,falinks,fighting,Null,65,100,100,70,60,75,470,8
871,pincurchin,electric,Null,48,101,95,91,85,15,435,8
872,snom,ice,bug,30,25,35,45,30,20,185,8
873,frosmoth,ice,bug,70,65,60,125,90,65,475,8
874,stonjourner,rock,Null,100,125,135,20,20,70,470,8
875,eiscue-ice,ice,Null,75,80,110,65,90,50,470,8
876,indeedee-male,psychic,normal,60,65,55,105,95,95,475,8
877,morpeko-full-belly,electric,dark,58,95,58,70,58,97,436,8
878,cufant,steel,Null,72,80,49,40,49,40,330,8
879,copperajah,steel,Null,122,130,69,80,69,30,500,8
880,dracozolt,electric,dragon,90,100,90,80,70,75,505,8
881,arctozolt,electric,ice,90,100,90,90,80,55,505,8
882,dracovish,water,dragon,90,90,100,70,80,75,505,8
883,arctovish,water,ice,90,90,100,80,90,55,505,8
884,duraludon,steel,dragon,70,95,115,120,50,85,535,8
885,dreepy,dragon,ghost,28,60,30,40,30,82,270,8
886,drakloak,dragon,ghost,68,80,50,60,50,102,410,8
887,dragapult,dragon,ghost,88,120,75,100,75,142,600,8
888,zacian,fairy,Null,92,120,115,80,115,138,660,8
889,zamazenta,fighting,Null,92,120,115,80,115,138,660,8
890,eternatus,poison,dragon,140,85,95,145,95,130,690,8
891,kubfu,fighting,Null,60,90,60,53,50,72,385,8
892,urshifu-single-strike,fighting,dark,100,130,100,63,60,97,550,8
893,zarude,dark,grass,105,120,105,70,95,105,600,8
894,regieleki,electric,Null,80,100,50,100,50,200,580,8
895,regidrago,dragon,Null,200,100,50,100,50,80,580,8
896,glastrier,ice,Null,100,145,130,65,110,30,580,8
897,spectrier,ghost,Null,100,65,60,145,80,130,580,8
898,calyrex,psychic,grass,100,80,80,80,80,80,500,8
899,wyrdeer,normal,psychic,103,105,72,105,75,65,525,8
900,kleavor,bug,rock,70,135,95,45,70,85,500,8
901,ursaluna,ground,normal,130,140,105,45,80,50,550,8
902,basculegion-male,water,ghost,120,112,65,80,75,78,530,8
903,sneasler,fighting,poison,80,130,60,40,80,120,510,8
904,overqwil,dark,poison,85,115,95,65,65,85,510,8
905,enamorus-incarnate,fairy,flying,74,115,70,135,80,106,580,8
906,sprigatito,grass,Null,40,61,54,45,45,65,310,9
907,floragato,grass,Null,61,80,63,60,63,83,410,9
908,meowscarada,grass,dark,76,110,70,81,70,123,530,9
909,fuecoco,fire,Null,67,45,59,63,40,36,310,9
910,crocalor,fire,Null,81,55,78,90,58,49,411,9
911,skeledirge,fire,ghost,104,75,100,110,75,66,530,9
912,quaxly,water,Null,55,65,45,50,45,50,310,9
913,quaxwell,water,Null,70,85,65,65,60,65,410,9
914,quaquaval,water,fighting,85,120,80,85,75,85,530,9
915,lechonk,normal,Null,54,45,40,35,45,35,254,9
916,oinkologne-male,normal,Null,110,100,75,59,80,65,489,9
917,tarountula,bug,Null,35,41,45,29,40,20,210,9
918,spidops,bug,Null,60,79,92,52,86,35,404,9
919,nymble,bug,Null,33,46,40,21,25,45,210,9
920,lokix,bug,dark,71,102,78,52,55,92,450,9
921,pawmi,electric,Null,45,50,20,40,25,60,240,9
922,pawmo,electric,fighting,60,75,40,50,40,85,350,9
923,pawmot,electric,fighting,70,115,70,70,60,105,490,9
924,tandemaus,normal,Null,50,50,45,40,45,75,305,9
925,maushold-family-of-four,normal,Null,74,75,70,65,75,111,470,9
926,fidough,fairy,Null,37,55,70,30,55,65,312,9
927,dachsbun,fairy,Null,57,80,115,50,80,95,477,9
928,smoliv,grass,normal,41,35,45,58,51,30,260,9
929,dolliv,grass,normal,52,53,60,78,78,33,354,9
930,arboliva,grass,normal,78,69,90,125,109,39,510,9
931,squawkabilly-green-plumage,normal,flying,82,96,51,45,51,92,417,9
932,nacli,rock,Null,55,55,75,35,35,25,280,9
933,naclstack,rock,Null,60,60,100,35,65,35,355,9
934,garganacl,rock,Null,100,100,130,45,90,35,500,9
935,charcadet,fire,Null,40,50,40,50,40,35,255,9
936,armarouge,fire,psychic,85,60,100,125,80,75,525,9
937,ceruledge,fire,ghost,75,125,80,60,100,85,525,9
938,tadbulb,electric,Null,61,31,41,59,35,45,272,9
939,bellibolt,electric,Null,109,64,91,103,83,45,495,9
940,wattrel,electric,flying,40,40,35,55,40,70,280,9
941,kilowattrel,electric,flying,70,70,60,105,60,125,490,9
942,maschiff,dark,Null,60,78,60,40,51,51,340,9
943,mabosstiff,dark,Null,80,120,90,60,70,85,505,9
944,shroodle,poison,normal,40,65,35,40,35,75,290,9
945,grafaiai,poison,normal,63,95,65,80,72,110,485,9
946,bramblin,grass,ghost,40,65,30,45,35,60,275,9
947,brambleghast,grass,ghost,55,115,70,80,70,90,480,9
948,toedscool,ground,grass,40,40,35,50,100,70,335,9
949,toedscruel,ground,grass,80,70,65,80,120,100,515,9
950,klawf,rock,Null,70,100,115,35,55,75,450,9
951,capsakid,grass,Null,50,62,40,62,40,50,304,9
952,scovillain,grass,fire,65,108,65,108,65,75,486,9
953,rellor,bug,Null,41,50,60,31,58,30,270,9
954,rabsca,bug,psychic,75,50,85,115,100,45,470,9
955,flittle,psychic,Null,30,35,30,55,30,75,255,9
956,espathra,psychic,Null,95,60,60,101,60,105,481,9
957,tinkatink,fairy,steel,50,45,45,35,64,58,297,9
958,tinkatuff,fairy,steel,65,55,55,45,82,78,380,9
959,tinkaton,fairy,steel,85,75,77,70,105,94,506,9
960,wiglett,water,Null,10,55,25,35,25,95,245,9
961,wugtrio,water,Null,35,100,50,50,70,120,425,9
962,bombirdier,flying,dark,70,103,85,60,85,82,485,9
963,finizen,water,Null,70,45,40,45,40,75,315,9
964,palafin-zero,water,Null,100,70,72,53,62,100,457,9
965,varoom,steel,poison,45,70,63,30,45,47,300,9
966,revavroom,steel,poison,80,119,90,54,67,90,500,9
967,cyclizar,dragon,normal,70,95,65,85,65,121,501,9
968,orthworm,steel,Null,70,85,145,60,55,65,480,9
969,glimmet,rock,poison,48,35,42,105,60,60,350,9
970,glimmora,rock,poison,83,55,90,130,81,86,525,9
971,greavard,ghost,Null,50,61,60,30,55,34,290,9
972,houndstone,ghost,Null,72,101,100,50,97,68,488,9
973,flamigo,flying,fighting,82,115,74,75,64,90,500,9
974,cetoddle,ice,Null,108,68,45,30,40,43,334,9
975,cetitan,ice,Null,170,113,65,45,55,73,521,9
976,veluza,water,psychic,90,102,73,78,65,70,478,9
977,dondozo,water,Null,150,100,115,65,65,35,530,9
978,tatsugiri-curly,dragon,water,68,50,60,120,95,82,475,9
979,annihilape,fighting,ghost,110,115,80,50,90,90,535,9
980,clodsire,poison,ground,130,75,60,45,100,20,430,9
981,farigiraf,normal,psychic,120,90,70,110,70,60,520,9
982,dudunsparce-two-segment,normal,Null,125,100,80,85,75,55,520,9
983,kingambit,dark,steel,100,135,120,60,85,50,550,9
984,great-tusk,ground,fighting,115,131,131,53,53,87,570,9
985,scream-tail,fairy,psychic,115,65,99,65,115,111,570,9
986,brute-bonnet,grass,dark,111,127,99,79,99,55,570,9
987,flutter-mane,ghost,fairy,55,55,55,135,135,135,570,9
988,slither-wing,bug,fighting,85,135,79,85,105,81,570,9
989,sandy-shocks,electric,ground,85,81,97,121,85,101,570,9
990,iron-treads,ground,steel,90,112,120,72,70,106,570,9
991,iron-bundle,ice,water,56,80,114,124,60,136,570,9
992,iron-hands,fighting,electric,154,140,108,50,68,50,570,9
993,iron-jugulis,dark,flying,94,80,86,122,80,108,570,9
994,iron-moth,fire,poison,80,70,60,140,110,110,570,9
995,iron-thorns,rock,electric,100,134,110,70,84,72,570,9
996,frigibax,dragon,ice,65,75,45,35,45,55,320,9
997,arctibax,dragon,ice,90,95,66,45,65,62,423,9
998,baxcalibur,dragon,ice,115,145,92,75,86,87,600,9
999,gimmighoul,ghost,Null,45,30,70,75,70,10,300,9
1000,gholdengo,steel,ghost,87,60,95,133,91,84,550,9
1001,wo-chien,dark,grass,85,85,100,95,135,70,570,9
1002,chien-pao,dark,ice,80,120,80,90,65,135,570,9
1003,ting-lu,dark,ground,155,110,125,55,80,45,570,9
1004,chi-yu,dark,fire,55,80,80,135,120,100,570,9
1005,roaring-moon,dragon,dark,105,139,71,55,101,119,590,9
1006,iron-valiant,fairy,fighting,74,130,90,120,60,116,590,9
1007,koraidon,fighting,dragon,100,135,115,85,100,135,670,9
1008,miraidon,electric,dragon,100,85,100,135,115,135,670,9
1009,walking-wake,water,dragon,99,83,91,125,83,109,590,9
1010,iron-leaves,grass,psychic,90,130,88,70,108,104,590,9
1011,dipplin,grass,dragon,80,80,110,95,80,40,485,9
1012,poltchageist,grass,ghost,40,45,45,74,54,50,308,9
1013,sinistcha,grass,ghost,71,60,106,121,80,70,508,9
1014,okidogi,poison,fighting,88,128,115,58,86,80,555,9
1015,munkidori,poison,psychic,88,75,66,130,90,106,555,9
1016,fezandipiti,poison,fairy,88,91,82,70,125,99,555,9
1017,ogerpon,grass,Null,80,120,84,60,96,110,550,9
1018,archaludon,steel,dragon,90,105,130,125,65,85,600,9
1019,hydrapple,grass,dragon,106,80,110,120,80,44,540,9
1020,gouging-fire,fire,dragon,105,115,121,65,93,91,590,9
1021,raging-bolt,electric,dragon,125,73,91,137,89,75,590,9
1022,iron-boulder,rock,psychic,90,120,80,68,108,124,590,9
1023,iron-crown,steel,psychic,90,72,100,122,108,98,590,9
1024,terapagos,normal,Null,90,65,85,65,85,60,450,9
1025,pecharunt,poison,ghost,88,88,160,88,88,88,600,9
