pokedex,form_type,name,type_1,type_2,hp,attack,defense,special-attack,special-defense,speed,total,generation
1,base,bulbasaur,grass,poison,45,49,49,65,65,45,318,1
2,base,ivysaur,grass,poison,60,62,63,80,80,60,405,1
3,base,venusaur,grass,poison,80,82,83,100,100,80,525,1
3.1,mega,Megavenusaur,grass,poison,80,100,123,122,120,80,625,1
3.2,giga,Gigavenusaur,grass,poison,80,82,83,100,100,80,525,1
4,base,charmander,fire,Null,39,52,43,60,50,65,309,1
5,base,charmeleon,fire,Null,58,64,58,80,65,80,405,1
6,base,charizard,fire,flying,78,84,78,109,85,100,534,1
6.1,mega,MegacharizardX,fire,dragon,78,130,111,130,85,100,634,1
6.2,mega,MegacharizardY,fire,flying,78,104,78,159,115,100,634,1
6.3,giga,Gigacharizard,fire,flying,78,84,78,109,85,100,534,1
7,base,squirtle,water,Null,44,48,65,50,64,43,314,1
8,base,wartortle,water,Null,59,63,80,65,80,58,405,1
9,base,blastoise,water,Null,79,83,100,85,105,78,530,1
9.1,mega,Megablastoise,water,Null,79,103,120,135,115,78,630,1
9.2,giga,Gigablastoise,water,Null,79,83,100,85,105,78,530,1
10,base,caterpie,bug,Null,45,30,35,20,20,45,195,1
11,base,metapod,bug,Null,50,20,55,25,25,30,205,1
12,base,butterfree,bug,flying,60,45,50,90,80,70,395,1
12.1,giga,Gigabutterfree,bug,flying,60,45,50,90,80,70,395,1
13,base,weedle,bug,poison,40,35,30,20,20,50,195,1
14,base,kakuna,bug,poison,45,25,50,25,25,35,205,1
15,base,beedrill,bug,poison,65,90,40,45,80,75,395,1
15.1,mega,Megabeedrill,bug,poison,65,150,40,15,80,145,495,1
16,base,pidgey,normal,flying,40,45,40,35,35,56,251,1
17,base,pidgeotto,normal,flying,63,60,55,50,50,71,349,1
18,base,pidgeot,normal,flying,83,80,75,70,70,101,479,1
18.1,mega,Megapidgeot,normal,flying,83,80,80,135,80,121,579,1
19,base,rattata,normal,Null,30,56,35,25,35,72,253,1
19.1,regional,Arattata,dark,normal,30,56,35,25,35,72,253,1
20,base,raticate,normal,Null,55,81,60,50,70,97,413,1
20.1,regional,Araticate,dark,normal,75,71,70,40,80,77,413,1
21,base,spearow,normal,flying,40,60,30,31,31,70,262,1
22,base,fearow,normal,flying,65,90,65,61,61,100,442,1
23,base,ekans,poison,Null,35,60,44,40,54,55,288,1
24,base,arbok,poison,Null,60,95,69,65,79,80,448,1
25,base,pikachu,electric,Null,35,55,40,50,50,90,320,1
25.1,giga,Gigapikachu,electric,Null,35,55,40,50,50,90,320,1
26,base,raichu,electric,Null,60,90,55,90,80,110,485,1
26.1,regional,Araichu,electric,psychic,60,85,50,95,85,110,485,1
27,base,sandshrew,ground,Null,50,75,85,20,30,40,300,1
27.1,regional,Asandshrew,ice,steel,50,75,90,10,35,40,300,1
28,base,sandslash,ground,Null,75,100,110,45,55,65,450,1
28.1,regional,Asandslash,ice,steel,75,100,120,25,65,65,450,1
29,base,nidoran-f,poison,Null,55,47,52,40,40,41,275,1
30,base,nidorina,poison,Null,70,62,67,55,55,56,365,1
31,base,nidoqueen,poison,ground,90,92,87,75,85,76,505,1
32,base,nidoran-m,poison,Null,46,57,40,40,40,50,273,1
33,base,nidorino,poison,Null,61,72,57,55,55,65,365,1
34,base,nidoking,poison,ground,81,102,77,85,75,85,505,1
35,base,clefairy,fairy,Null,70,45,48,60,65,35,323,1
36,base,clefable,fairy,Null,95,70,73,95,90,60,483,1
37,base,vulpix,fire,Null,38,41,40,50,65,65,299,1
37.1,regional,Avulpix,ice,Null,38,41,40,50,65,65,299,1
38,base,ninetales,fire,Null,73,76,75,81,100,100,505,1
38.1,regional,Aninetales,ice,fairy,73,67,75,81,100,109,505,1
39,base,jigglypuff,normal,fairy,115,45,20,45,25,20,270,1
40,base,wigglytuff,normal,fairy,140,70,45,85,50,45,435,1
41,base,zubat,poison,flying,40,45,35,30,40,55,245,1
42,base,golbat,poison,flying,75,80,70,65,75,90,455,1
43,base,oddish,grass,poison,45,50,55,75,65,30,320,1
44,base,gloom,grass,poison,60,65,70,85,75,40,395,1
45,base,vileplume,grass,poison,75,80,85,110,90,50,490,1
46,base,paras,bug,grass,35,70,55,45,55,25,285,1
47,base,parasect,bug,grass,60,95,80,60,80,30,405,1
48,base,venonat,bug,poison,60,55,50,40,55,45,305,1
49,base,venomoth,bug,poison,70,65,60,90,75,90,450,1
50,base,diglett,ground,Null,10,55,25,35,45,95,265,1
50.1,regional,Adiglett,ground,steel,10,55,30,35,45,90,265,1
51,base,dugtrio,ground,Null,35,100,50,50,70,120,425,1
51.1,regional,Adugtrio,ground,steel,35,100,60,50,70,110,425,1
52,base,meowth,normal,Null,40,45,35,40,40,90,290,1
52.1,regional,Ameowth,dark,Null,40,35,35,50,40,90,290,1
52.2,regional,Gmeowth,steel,Null,50,65,55,40,40,40,290,1
52.3,giga,Gigameowth,normal,Null,40,45,35,40,40,90,290,1
53,base,persian,normal,Null,65,70,60,65,65,115,440,1
53.1,regional,Apersian,dark,Null,65,60,60,75,65,115,440,1
54,base,psyduck,water,Null,50,52,48,65,50,55,320,1
55,base,golduck,water,Null,80,82,78,95,80,85,500,1
56,base,mankey,fighting,Null,40,80,35,35,45,70,305,1
57,base,primeape,fighting,Null,65,105,60,60,70,95,455,1
58,base,growlithe,fire,Null,55,70,45,70,50,60,350,1
58.1,regional,Hgrowlithe,fire,rock,60,75,45,65,50,55,350,1
59,base,arcanine,fire,Null,90,110,80,100,80,95,555,1
59.1,regional,Harcanine,fire,rock,95,115,80,95,80,90,555,1
60,base,poliwag,water,Null,40,50,40,40,40,90,300,1
61,base,poliwhirl,water,Null,65,65,65,50,50,90,385,1
62,base,poliwrath,water,fighting,90,95,95,70,90,70,510,1
63,base,abra,psychic,Null,25,20,15,105,55,90,310,1
64,base,kadabra,psychic,Null,40,35,30,120,70,105,400,1
65,base,alakazam,psychic,Null,55,50,45,135,95,120,500,1
65.1,mega,Megaalakazam,psychic,Null,55,50,65,175,105,150,600,1
66,base,machop,fighting,Null,70,80,50,35,35,35,305,1
67,base,machoke,fighting,Null,80,100,70,50,60,45,405,1
68,base,machamp,fighting,Null,90,130,80,65,85,55,505,1
68.1,giga,Gigamachamp,fighting,Null,90,130,80,65,85,55,505,1
69,base,bellsprout,grass,poison,50,75,35,70,30,40,300,1
70,base,weepinbell,grass,poison,65,90,50,85,45,55,390,1
71,base,victreebel,grass,poison,80,105,65,100,70,70,490,1
72,base,tentacool,water,poison,40,40,35,50,100,70,335,1
73,base,tentacruel,water,poison,80,70,65,80,120,100,515,1
74,base,geodude,rock,ground,40,80,100,30,30,20,300,1
74.1,regional,Ageodude,rock,electric,40,80,100,30,30,20,300,1
75,base,graveler,rock,ground,55,95,115,45,45,35,390,1
75.1,regional,Agraveler,rock,electric,55,95,115,45,45,35,390,1
76,base,golem,rock,ground,80,120,130,55,65,45,495,1
76.1,regional,Agolem,rock,electric,80,120,130,55,65,45,495,1
77,base,ponyta,fire,Null,50,85,55,65,65,90,410,1
77.1,regional,Gponyta,psychic,Null,50,85,55,65,65,90,410,1
78,base,rapidash,fire,Null,65,100,70,80,80,105,500,1
78.1,regional,Grapidash,psychic,fairy,65,100,70,80,80,105,500,1
79,base,slowpoke,water,psychic,90,65,65,40,40,15,315,1
79.1,regional,Gslowpoke,psychic,Null,90,65,65,40,40,15,315,1
80,base,slowbro,water,psychic,95,75,110,100,80,30,490,1
80.1,mega,Megaslowbro,water,psychic,95,75,180,130,80,30,590,1
80.2,regional,Gslowbro,poison,psychic,95,100,95,100,70,30,490,1
81,base,magnemite,electric,steel,25,35,70,95,55,45,325,1
82,base,magneton,electric,steel,50,60,95,120,70,70,465,1
83,base,farfetchd,normal,flying,52,90,55,58,62,60,377,1
83.1,regional,Gfarfetchd,fighting,Null,52,95,55,58,62,55,377,1
84,base,doduo,normal,flying,35,85,45,35,35,75,310,1
85,base,dodrio,normal,flying,60,110,70,60,60,110,470,1
86,base,seel,water,Null,65,45,55,45,70,45,325,1
87,base,dewgong,water,ice,90,70,80,70,95,70,475,1
88,base,grimer,poison,Null,80,80,50,40,50,25,325,1
88.1,regional,Agrimer,poison,dark,80,80,50,40,50,25,325,1
89,base,muk,poison,Null,105,105,75,65,100,50,500,1
89.1,regional,Amuk,poison,dark,105,105,75,65,100,50,500,1
90,base,shellder,water,Null,30,65,100,45,25,40,305,1
91,base,cloyster,water,ice,50,95,180,85,45,70,525,1
92,base,gastly,ghost,poison,30,35,30,100,35,80,310,1
93,base,haunter,ghost,poison,45,50,45,115,55,95,405,1
94,base,gengar,ghost,poison,60,65,60,130,75,110,500,1
94.1,mega,Megagengar,ghost,poison,60,65,80,170,95,130,600,1
94.2,giga,Gigagengar,ghost,poison,60,65,60,130,75,110,500,1
95,base,onix,rock,ground,35,45,160,30,45,70,385,1
96,base,drowzee,psychic,Null,60,48,45,43,90,42,328,1
97,base,hypno,psychic,Null,85,73,70,73,115,67,483,1
98,base,krabby,water,Null,30,105,90,25,25,50,325,1
99,base,kingler,water,Null,55,130,115,50,50,75,475,1
99.1,giga,Gigakingler,water,Null,55,130,115,50,50,75,475,1
100,base,voltorb,electric,Null,40,30,50,55,55,100,330,1
100.1,regional,Hvoltorb,electric,grass,40,30,50,55,55,100,330,1
101,base,electrode,electric,Null,60,50,70,80,80,150,490,1
101.1,regional,Helectrode,electric,grass,60,50,70,80,80,150,490,1
102,base,exeggcute,grass,psychic,60,40,80,60,45,40,325,1
103,base,exeggutor,grass,psychic,95,95,85,125,75,55,530,1
103.1,regional,Aexeggutor,grass,dragon,95,105,85,125,75,45,530,1
104,base,cubone,ground,Null,50,50,95,40,50,35,320,1
105,base,marowak,ground,Null,60,80,110,50,80,45,425,1
105.1,regional,Amarowak,fire,ghost,60,80,110,50,80,45,425,1
106,base,hitmonlee,fighting,Null,50,120,53,35,110,87,455,1
107,base,hitmonchan,fighting,Null,50,105,79,35,110,76,455,1
108,base,lickitung,normal,Null,90,55,75,60,75,30,385,1
109,base,koffing,poison,Null,40,65,95,60,45,35,340,1
110,base,weezing,poison,Null,65,90,120,85,70,60,490,1
110.1,regional,Gweezing,poison,fairy,65,90,120,85,70,60,490,1
111,base,rhyhorn,ground,rock,80,85,95,30,30,25,345,1
112,base,rhydon,ground,rock,105,130,120,45,45,40,485,1
113,base,chansey,normal,Null,250,5,5,35,105,50,450,1
114,base,tangela,grass,Null,65,55,115,100,40,60,435,1
115,base,kangaskhan,normal,Null,105,95,80,40,80,90,490,1
115.1,mega,Megakangaskhan,normal,Null,105,125,100,60,100,100,590,1
116,base,horsea,water,Null,30,40,70,70,25,60,295,1
117,base,seadra,water,Null,55,65,95,95,45,85,440,1
118,base,goldeen,water,Null,45,67,60,35,50,63,320,1
119,base,seaking,water,Null,80,92,65,65,80,68,450,1
120,base,staryu,water,Null,30,45,55,70,55,85,340,1
121,base,starmie,water,psychic,60,75,85,100,85,115,520,1
122,base,mr-mime,psychic,fairy,40,45,65,100,120,90,460,1
122.1,regional,Gmr-mime,ice,psychic,50,65,65,90,90,100,460,1
123,base,scyther,bug,flying,70,110,80,55,80,105,500,1
124,base,jynx,ice,psychic,65,50,35,115,95,95,455,1
125,base,electabuzz,electric,Null,65,83,57,95,85,105,490,1
126,base,magmar,fire,Null,65,95,57,100,85,93,495,1
127,base,pinsir,bug,Null,65,125,100,55,70,85,500,1
127.1,mega,Megapinsir,bug,flying,65,155,120,65,90,105,600,1
128,base,tauros,normal,Null,75,100,95,40,70,110,490,1
128.1,regional,Ptauros1,fighting,Null,75,110,105,30,70,100,490,1
128.2,regional,Ptauros2,fighting,fire,75,110,105,30,70,100,490,1
128.3,regional,Ptauros3,fighting,water,75,110,105,30,70,100,490,1
129,base,magikarp,water,Null,20,10,55,15,20,80,200,1
130,base,gyarados,water,flying,95,125,79,60,100,81,540,1
130.1,mega,Megagyarados,water,dark,95,155,109,70,130,81,640,1
131,base,lapras,water,ice,130,85,80,85,95,60,535,1
131.1,giga,Gigalapras,water,ice,130,85,80,85,95,60,535,1
132,base,ditto,normal,Null,48,48,48,48,48,48,288,1
133,base,eevee,normal,Null,55,55,50,45,65,55,325,1
133.1,base,Gigaeevee,normal,Null,55,55,50,45,65,55,325,1
134,base,vaporeon,water,Null,130,65,60,110,95,65,525,1
135,base,jolteon,electric,Null,65,65,60,110,95,130,525,1
136,base,flareon,fire,Null,65,130,60,95,110,65,525,1
137,base,porygon,normal,Null,65,60,70,85,75,40,395,1
138,base,omanyte,rock,water,35,40,100,90,55,35,355,1
139,base,omastar,rock,water,70,60,125,115,70,55,495,1
140,base,kabuto,rock,water,30,80,90,55,45,55,355,1
141,base,kabutops,rock,water,60,115,105,65,70,80,495,1
142,base,aerodactyl,rock,flying,80,105,65,60,75,130,515,1
142.1,mega,Megaaerodactyl,rock,flying,80,135,85,70,95,150,615,1
143,base,snorlax,normal,Null,160,110,65,65,110,30,540,1
143.1,giga,Gigasnorlax,normal,Null,160,110,65,65,110,30,540,1
144,base,articuno,ice,flying,90,85,100,95,125,85,580,1
144.1,regional,Garticuno,psychic,flying,90,85,85,125,100,95,580,1
145,base,zapdos,electric,flying,90,90,85,125,90,100,580,1
145.1,regional,Gzapdos,fighting,flying,90,125,90,85,90,100,580,1
146,base,moltres,fire,flying,90,100,90,125,85,90,580,1
146.1,regional,Gmoltres,dark,flying,90,85,90,100,125,90,580,1
147,base,dratini,dragon,Null,41,64,45,50,50,50,300,1
148,base,dragonair,dragon,Null,61,84,65,70,70,70,420,1
149,base,dragonite,dragon,flying,91,134,95,100,100,80,600,1
150,base,mewtwo,psychic,Null,106,110,90,154,90,130,680,1
150.1,mega,MegamewtwoX,psychic,fighting,106,190,100,154,100,130,780,1
150.2,mega,MegamewtwoY,psychic,Null,106,150,70,194,120,140,780,1
151,base,mew,psychic,Null,100,100,100,100,100,100,600,1
152,base,chikorita,grass,Null,45,49,65,49,65,45,318,2
153,base,bayleef,grass,Null,60,62,80,63,80,60,405,2
154,base,meganium,grass,Null,80,82,100,83,100,80,525,2
155,base,cyndaquil,fire,Null,39,52,43,60,50,65,309,2
156,base,quilava,fire,Null,58,64,58,80,65,80,405,2
157,base,typhlosion,fire,Null,78,84,78,109,85,100,534,2
157.1,regional,Htyphlosion,fire,ghost,73,84,78,119,85,95,534,2
158,base,totodile,water,Null,50,65,64,44,48,43,314,2
159,base,croconaw,water,Null,65,80,80,59,63,58,405,2
160,base,feraligatr,water,Null,85,105,100,79,83,78,530,2
161,base,sentret,normal,Null,35,46,34,35,45,20,215,2
162,base,furret,normal,Null,85,76,64,45,55,90,415,2
163,base,hoothoot,normal,flying,60,30,30,36,56,50,262,2
164,base,noctowl,normal,flying,100,50,50,86,96,70,452,2
165,base,ledyba,bug,flying,40,20,30,40,80,55,265,2
166,base,ledian,bug,flying,55,35,50,55,110,85,390,2
167,base,spinarak,bug,poison,40,60,40,40,40,30,250,2
168,base,ariados,bug,poison,70,90,70,60,70,40,400,2
169,base,crobat,poison,flying,85,90,80,70,80,130,535,2
170,base,chinchou,water,electric,75,38,38,56,56,67,330,2
171,base,lanturn,water,electric,125,58,58,76,76,67,460,2
172,base,pichu,electric,Null,20,40,15,35,35,60,205,2
173,base,cleffa,fairy,Null,50,25,28,45,55,15,218,2
174,base,igglybuff,normal,fairy,90,30,15,40,20,15,210,2
175,base,togepi,fairy,Null,35,20,65,40,65,20,245,2
176,base,togetic,fairy,flying,55,40,85,80,105,40,405,2
177,base,natu,psychic,flying,40,50,45,70,45,70,320,2
178,base,xatu,psychic,flying,65,75,70,95,70,95,470,2
179,base,mareep,electric,Null,55,40,40,65,45,35,280,2
180,base,flaaffy,electric,Null,70,55,55,80,60,45,365,2
181,base,ampharos,electric,Null,90,75,85,115,90,55,510,2
181.1,mega,Megaampharos,electric,dragon,90,95,105,165,110,45,610,2
182,base,bellossom,grass,Null,75,80,95,90,100,50,490,2
183,base,marill,water,fairy,70,20,50,20,50,40,250,2
184,base,azumarill,water,fairy,100,50,80,60,80,50,420,2
185,base,sudowoodo,rock,Null,70,100,115,30,65,30,410,2
186,base,politoed,water,Null,90,75,75,90,100,70,500,2
187,base,hoppip,grass,flying,35,35,40,35,55,50,250,2
188,base,skiploom,grass,flying,55,45,50,45,65,80,340,2
189,base,jumpluff,grass,flying,75,55,70,55,95,110,460,2
190,base,aipom,normal,Null,55,70,55,40,55,85,360,2
191,base,sunkern,grass,Null,30,30,30,30,30,30,180,2
192,base,sunflora,grass,Null,75,75,55,105,85,30,425,2
193,base,yanma,bug,flying,65,65,45,75,45,95,390,2
194,base,wooper,water,ground,55,45,45,25,25,15,210,2
194.1,regional,Pwooper,poison,ground,55,45,45,25,25,15,210,2
195,base,quagsire,water,ground,95,85,85,65,65,35,430,2
196,base,espeon,psychic,Null,65,65,60,130,95,110,525,2
197,base,umbreon,dark,Null,95,65,110,60,130,65,525,2
198,base,murkrow,dark,flying,60,85,42,85,42,91,405,2
199,base,slowking,water,psychic,95,75,80,100,110,30,490,2
199.1,regional,Gslowking,poison,psychic,95,65,80,110,110,30,490,2
200,base,misdreavus,ghost,Null,60,60,60,85,85,85,435,2
201,base,unown,psychic,Null,48,72,48,72,48,48,336,2
202,base,wobbuffet,psychic,Null,190,33,58,33,58,33,405,2
203,base,girafarig,normal,psychic,70,80,65,90,65,85,455,2
204,base,pineco,bug,Null,50,65,90,35,35,15,290,2
205,base,forretress,bug,steel,75,90,140,60,60,40,465,2
206,base,dunsparce,normal,Null,100,70,70,65,65,45,415,2
207,base,gligar,ground,flying,65,75,105,35,65,85,430,2
208,base,steelix,steel,ground,75,85,200,55,65,30,510,2
208.1,mega,Megasteelix,steel,ground,75,125,230,55,95,30,610,2
209,base,snubbull,fairy,Null,60,80,50,40,40,30,300,2
210,base,granbull,fairy,Null,90,120,75,60,60,45,450,2
211,base,qwilfish,water,poison,65,95,85,55,55,85,440,2
211.1,regional,Hqwilfish,dark,poison,65,95,85,55,55,85,440,2
212,base,scizor,bug,steel,70,130,100,55,80,65,500,2
212.1,mega,Megascizor,bug,steel,70,150,140,65,100,75,600,2
213,base,shuckle,bug,rock,20,10,230,10,230,5,505,2
214,base,heracross,bug,fighting,80,125,75,40,95,85,500,2
214.1,mega,Megaheracross,bug,fighting,80,185,115,40,105,75,600,2
215,base,sneasel,dark,ice,55,95,55,35,75,115,430,2
215.1,regional,Hsneasel,fighting,poison,55,95,55,35,75,115,430,2
216,base,teddiursa,normal,Null,60,80,50,50,50,40,330,2
217,base,ursaring,normal,Null,90,130,75,75,75,55,500,2
218,base,slugma,fire,Null,40,40,40,70,40,20,250,2
219,base,magcargo,fire,rock,60,50,120,90,80,30,430,2
220,base,swinub,ice,ground,50,50,40,30,30,50,250,2
221,base,piloswine,ice,ground,100,100,80,60,60,50,450,2
222,base,corsola,water,rock,65,55,95,65,95,35,410,2
222.1,regional,Gcorsola,ghost,Null,60,55,100,65,100,30,410,2
223,base,remoraid,water,Null,35,65,35,65,35,65,300,2
224,base,octillery,water,Null,75,105,75,105,75,45,480,2
225,base,delibird,ice,flying,45,55,45,65,45,75,330,2
226,base,mantine,water,flying,85,40,70,80,140,70,485,2
227,base,skarmory,steel,flying,65,80,140,40,70,70,465,2
228,base,houndour,dark,fire,45,60,30,80,50,65,330,2
229,base,houndoom,dark,fire,75,90,50,110,80,95,500,2
229.1,mega,Megahoundoom,dark,fire,75,90,90,140,90,115,600,2
230,base,kingdra,water,dragon,75,95,95,95,95,85,540,2
231,base,phanpy,ground,Null,90,60,60,40,40,40,330,2
232,base,donphan,ground,Null,90,120,120,60,60,50,500,2
233,base,porygon2,normal,Null,85,80,90,105,95,60,515,2
234,base,stantler,normal,Null,73,95,62,85,65,85,465,2
235,base,smeargle,normal,Null,55,20,35,20,45,75,250,2
236,base,tyrogue,fighting,Null,35,35,35,35,35,35,210,2
237,base,hitmontop,fighting,Null,50,95,95,35,110,70,455,2
238,base,smoochum,ice,psychic,45,30,15,85,65,65,305,2
239,base,elekid,electric,Null,45,63,37,65,55,95,360,2
240,base,magby,fire,Null,45,75,37,70,55,83,365,2
241,base,miltank,normal,Null,95,80,105,40,70,100,490,2
242,base,blissey,normal,Null,255,10,10,75,135,55,540,2
243,base,raikou,electric,Null,90,85,75,115,100,115,580,2
244,base,entei,fire,Null,115,115,85,90,75,100,580,2
245,base,suicune,water,Null,100,75,115,90,115,85,580,2
246,base,larvitar,rock,ground,50,64,50,45,50,41,300,2
247,base,pupitar,rock,ground,70,84,70,65,70,51,410,2
248,base,tyranitar,rock,dark,100,134,110,95,100,61,600,2
248.1,mega,Megatyranitar,rock,dark,100,164,150,95,120,71,700,2
249,base,lugia,psychic,flying,106,90,130,90,154,110,680,2
250,base,ho-oh,fire,flying,106,130,90,110,154,90,680,2
251,base,celebi,psychic,grass,100,100,100,100,100,100,600,2
252,base,treecko,grass,Null,40,45,35,65,55,70,310,3
253,base,grovyle,grass,Null,50,65,45,85,65,95,405,3
254,base,sceptile,grass,Null,70,85,65,105,85,120,530,3
254.1,mega,Megasceptile,grass,dragon,70,110,75,145,85,145,630,3
255,base,torchic,fire,Null,45,60,40,70,50,45,310,3
256,base,combusken,fire,fighting,60,85,60,85,60,55,405,3
257,base,blaziken,fire,fighting,80,120,70,110,70,80,530,3
257.1,mega,Megablaziken,fire,fighting,80,160,80,130,80,100,630,3
258,base,mudkip,water,Null,50,70,50,50,50,40,310,3
259,base,marshtomp,water,ground,70,85,70,60,70,50,405,3
260,base,swampert,water,ground,100,110,90,85,90,60,535,3
260.1,mega,Megaswampert,water,ground,100,150,110,95,110,70,635,3
261,base,poochyena,dark,Null,35,55,35,30,30,35,220,3
262,base,mightyena,dark,Null,70,90,70,60,60,70,420,3
263,base,zigzagoon,normal,Null,38,30,41,30,41,60,240,3
263.1,regional,Gzigzagoon,dark,normal,38,30,41,30,41,60,240,3
264,base,linoone,normal,Null,78,70,61,50,61,100,420,3
264.1,regional,Glinoone,dark,normal,78,70,61,50,61,100,420,3
265,base,wurmple,bug,Null,45,45,35,20,30,20,195,3
266,base,silcoon,bug,Null,50,35,55,25,25,15,205,3
267,base,beautifly,bug,flying,60,70,50,100,50,65,395,3
268,base,cascoon,bug,Null,50,35,55,25,25,15,205,3
269,base,dustox,bug,poison,60,50,70,50,90,65,385,3
270,base,lotad,water,grass,40,30,30,40,50,30,220,3
271,base,lombre,water,grass,60,50,50,60,70,50,340,3
272,base,ludicolo,water,grass,80,70,70,90,100,70,480,3
273,base,seedot,grass,Null,40,40,50,30,30,30,220,3
274,base,nuzleaf,grass,dark,70,70,40,60,40,60,340,3
275,base,shiftry,grass,dark,90,100,60,90,60,80,480,3
276,base,taillow,normal,flying,40,55,30,30,30,85,270,3
277,base,swellow,normal,flying,60,85,60,75,50,125,455,3
278,base,wingull,water,flying,40,30,30,55,30,85,270,3
279,base,pelipper,water,flying,60,50,100,95,70,65,440,3
280,base,ralts,psychic,fairy,28,25,25,45,35,40,198,3
281,base,kirlia,psychic,fairy,38,35,35,65,55,50,278,3
282,base,gardevoir,psychic,fairy,68,65,65,125,115,80,518,3
282.1,mega,Megagardevoir,psychic,fairy,68,85,65,165,135,100,618,3
283,base,surskit,bug,water,40,30,32,50,52,65,269,3
284,base,masquerain,bug,flying,70,60,62,100,82,80,454,3
285,base,shroomish,grass,Null,60,40,60,40,60,35,295,3
286,base,breloom,grass,fighting,60,130,80,60,60,70,460,3
287,base,slakoth,normal,Null,60,60,60,35,35,30,280,3
288,base,vigoroth,normal,Null,80,80,80,55,55,90,440,3
289,base,slaking,normal,Null,150,160,100,95,65,100,670,3
290,base,nincada,bug,ground,31,45,90,30,30,40,266,3
291,base,ninjask,bug,flying,61,90,45,50,50,160,456,3
292,base,shedinja,bug,ghost,1,90,45,30,30,40,236,3
293,base,whismur,normal,Null,64,51,23,51,23,28,240,3
294,base,loudred,normal,Null,84,71,43,71,43,48,360,3
295,base,exploud,normal,Null,104,91,63,91,73,68,490,3
296,base,makuhita,fighting,Null,72,60,30,20,30,25,237,3
297,base,hariyama,fighting,Null,144,120,60,40,60,50,474,3
298,base,azurill,normal,fairy,50,20,40,20,40,20,190,3
299,base,nosepass,rock,Null,30,45,135,45,90,30,375,3
300,base,skitty,normal,Null,50,45,45,35,35,50,260,3
301,base,delcatty,normal,Null,70,65,65,55,55,90,400,3
302,base,sableye,dark,ghost,50,75,75,65,65,50,380,3
302.1,mega,Megasableye,dark,ghost,50,85,125,85,115,20,480,3
303,base,mawile,steel,fairy,50,85,85,55,55,50,380,3
303.1,mega,Megamawile,steel,fairy,50,105,125,55,95,50,480,3
304,base,aron,steel,rock,50,70,100,40,40,30,330,3
305,base,lairon,steel,rock,60,90,140,50,50,40,430,3
306,base,aggron,steel,rock,70,110,180,60,60,50,530,3
306.1,mega,Megaaggron,steel,Null,70,140,230,60,80,50,630,3
307,base,meditite,fighting,psychic,30,40,55,40,55,60,280,3
308,base,medicham,fighting,psychic,60,60,75,60,75,80,410,3
308.1,mega,Megamedicham,fighting,psychic,60,100,85,80,85,100,510,3
309,base,electrike,electric,Null,40,45,40,65,40,65,295,3
310,base,manectric,electric,Null,70,75,60,105,60,105,475,3
310.1,mega,Megamanetric,electric,Null,70,75,80,135,80,135,575,3
311,base,plusle,electric,Null,60,50,40,85,75,95,405,3
312,base,minun,electric,Null,60,40,50,75,85,95,405,3
313,base,volbeat,bug,Null,65,73,75,47,85,85,430,3
314,base,illumise,bug,Null,65,47,75,73,85,85,430,3
315,base,roselia,grass,poison,50,60,45,100,80,65,400,3
316,base,gulpin,poison,Null,70,43,53,43,53,40,302,3
317,base,swalot,poison,Null,100,73,83,73,83,55,467,3
318,base,carvanha,water,dark,45,90,20,65,20,65,305,3
319,base,sharpedo,water,dark,70,120,40,95,40,95,460,3
319.1,mega,Megasharpedo,water,dark,70,140,70,110,65,105,560,3
320,base,wailmer,water,Null,130,70,35,70,35,60,400,3
321,base,wailord,water,Null,170,90,45,90,45,60,500,3
322,base,numel,fire,ground,60,60,40,65,45,35,305,3
323,base,camerupt,fire,ground,70,100,70,105,75,40,460,3
323.1,mega,Megacamerupt,fire,ground,70,120,100,145,105,20,560,3
324,base,torkoal,fire,Null,70,85,140,85,70,20,470,3
325,base,spoink,psychic,Null,60,25,35,70,80,60,330,3
326,base,grumpig,psychic,Null,80,45,65,90,110,80,470,3
327,base,spinda,normal,Null,60,60,60,60,60,60,360,3
328,base,trapinch,ground,Null,45,100,45,45,45,10,290,3
329,base,vibrava,ground,dragon,50,70,50,50,50,70,340,3
330,base,flygon,ground,dragon,80,100,80,80,80,100,520,3
331,base,cacnea,grass,Null,50,85,40,85,40,35,335,3
332,base,cacturne,grass,dark,70,115,60,115,60,55,475,3
333,base,swablu,normal,flying,45,40,60,40,75,50,310,3
334,base,altaria,dragon,flying,75,70,90,70,105,80,490,3
334.1,mega,Megaaltaria,dragon,fairy,75,110,110,110,105,80,590,3
335,base,zangoose,normal,Null,73,115,60,60,60,90,458,3
336,base,seviper,poison,Null,73,100,60,100,60,65,458,3
337,base,lunatone,rock,psychic,90,55,65,95,85,70,460,3
338,base,solrock,rock,psychic,90,95,85,55,65,70,460,3
339,base,barboach,water,ground,50,48,43,46,41,60,288,3
340,base,whiscash,water,ground,110,78,73,76,71,60,468,3
341,base,corphish,water,Null,43,80,65,50,35,35,308,3
342,base,crawdaunt,water,dark,63,120,85,90,55,55,468,3
343,base,baltoy,ground,psychic,40,40,55,40,70,55,300,3
344,base,claydol,ground,psychic,60,70,105,70,120,75,500,3
345,base,lileep,rock,grass,66,41,77,61,87,23,355,3
346,base,cradily,rock,grass,86,81,97,81,107,43,495,3
347,base,anorith,rock,bug,45,95,50,40,50,75,355,3
348,base,armaldo,rock,bug,75,125,100,70,80,45,495,3
349,base,feebas,water,Null,20,15,20,10,55,80,200,3
350,base,milotic,water,Null,95,60,79,100,125,81,540,3
351,base,castform,normal,Null,70,70,70,70,70,70,420,3
352,base,kecleon,normal,Null,60,90,70,60,120,40,440,3
353,base,shuppet,ghost,Null,44,75,35,63,33,45,295,3
354,base,banette,ghost,Null,64,115,65,83,63,65,455,3
354.1,mega,Megabanette,ghost,Null,64,165,75,93,83,75,555,3
355,base,duskull,ghost,Null,20,40,90,30,90,25,295,3
356,base,dusclops,ghost,Null,40,70,130,60,130,25,455,3
357,base,tropius,grass,flying,99,68,83,72,87,51,460,3
358,base,chimecho,psychic,Null,75,50,80,95,90,65,455,3
359,base,absol,dark,Null,65,130,60,75,60,75,465,3
359.1,mega,Megaabsol,dark,Null,65,150,60,115,60,115,565,3
360,base,wynaut,psychic,Null,95,23,48,23,48,23,260,3
361,base,snorunt,ice,Null,50,50,50,50,50,50,300,3
362,base,glalie,ice,Null,80,80,80,80,80,80,480,3
362.1,mega,Megaglalie,ice,Null,80,120,80,120,80,100,580,3
363,base,spheal,ice,water,70,40,50,55,50,25,290,3
364,base,sealeo,ice,water,90,60,70,75,70,45,410,3
365,base,walrein,ice,water,110,80,90,95,90,65,530,3
366,base,clamperl,water,Null,35,64,85,74,55,32,345,3
367,base,huntail,water,Null,55,104,105,94,75,52,485,3
368,base,gorebyss,water,Null,55,84,105,114,75,52,485,3
369,base,relicanth,water,rock,100,90,130,45,65,55,485,3
370,base,luvdisc,water,Null,43,30,55,40,65,97,330,3
371,base,bagon,dragon,Null,45,75,60,40,30,50,300,3
372,base,shelgon,dragon,Null,65,95,100,60,50,50,420,3
373,base,salamence,dragon,flying,95,135,80,110,80,100,600,3
373.1,mega,Megasalamance,dragon,flying,95,145,130,120,90,120,700,3
374,base,beldum,steel,psychic,40,55,80,35,60,30,300,3
375,base,metang,steel,psychic,60,75,100,55,80,50,420,3
376,base,metagross,steel,psychic,80,135,130,95,90,70,600,3
376.1,mega,Megametagross,steel,psychic,80,145,150,105,110,110,700,3
377,base,regirock,rock,Null,80,100,200,50,100,50,580,3
378,base,regice,ice,Null,80,50,100,100,200,50,580,3
379,base,registeel,steel,Null,80,75,150,75,150,50,580,3
380,base,latias,dragon,psychic,80,80,90,110,130,110,600,3
380.1,mega,Megalatias,dragon,psychic,80,100,120,140,150,110,700,3
381,base,latios,dragon,psychic,80,90,80,130,110,110,600,3
381.1,mega,Megalatios,dragon,psychic,80,130,100,160,120,110,700,3
382,base,kyogre,water,Null,100,100,90,150,140,90,670,3
382.1,archeo,Archeokyogre,water,Null,100,150,90,180,160,90,770,3
383,base,groudon,ground,Null,100,150,140,100,90,90,670,3
383.1,archeo,Archeogroudon,ground,fire,100,180,160,150,90,90,770,3
384,base,rayquaza,dragon,flying,105,150,90,150,90,95,680,3
384.1,mega,Megarayquaza,dragon,flying,105,180,100,180,100,115,780,3
385,base,jirachi,steel,psychic,100,100,100,100,100,100,600,3
386,base,deoxys-normal,psychic,Null,50,150,50,150,50,150,600,3
386.1,form,deoxys-atk,psychic,Null,50,180,20,180,20,150,600,3
386.2,form,deoxys-def,psychic,Null,50,70,160,70,160,90,600,3
386.3,form,deoxys-spd,psychic,Null,50,95,90,95,90,180,600,3
387,base,turtwig,grass,Null,55,68,64,45,55,31,318,4
388,base,grotle,grass,Null,75,89,85,55,65,36,405,4
389,base,torterra,grass,ground,95,109,105,75,85,56,525,4
390,base,chimchar,fire,Null,44,58,44,58,44,61,309,4
391,base,monferno,fire,fighting,64,78,52,78,52,81,405,4
392,base,infernape,fire,fighting,76,104,71,104,71,108,534,4
393,base,piplup,water,Null,53,51,53,61,56,40,314,4
394,base,prinplup,water,Null,64,66,68,81,76,50,405,4
395,base,empoleon,water,steel,84,86,88,111,101,60,530,4
396,base,starly,normal,flying,40,55,30,30,30,60,245,4
397,base,staravia,normal,flying,55,75,50,40,40,80,340,4
398,base,staraptor,normal,flying,85,120,70,50,60,100,485,4
399,base,bidoof,normal,Null,59,45,40,35,40,31,250,4
400,base,bibarel,normal,water,79,85,60,55,60,71,410,4
401,base,kricketot,bug,Null,37,25,41,25,41,25,194,4
402,base,kricketune,bug,Null,77,85,51,55,51,65,384,4
403,base,shinx,electric,Null,45,65,34,40,34,45,263,4
404,base,luxio,electric,Null,60,85,49,60,49,60,363,4
405,base,luxray,electric,Null,80,120,79,95,79,70,523,4
406,base,budew,grass,poison,40,30,35,50,70,55,280,4
407,base,roserade,grass,poison,60,70,65,125,105,90,515,4
408,base,cranidos,rock,Null,67,125,40,30,30,58,350,4
409,base,rampardos,rock,Null,97,165,60,65,50,58,495,4
410,base,shieldon,rock,steel,30,42,118,42,88,30,350,4
411,base,bastiodon,rock,steel,60,52,168,47,138,30,495,4
412,base,burmy,bug,Null,40,29,45,29,45,36,224,4
413,base,wormadam-plant,bug,grass,60,59,85,79,105,36,424,4
414,base,mothim,bug,flying,70,94,50,94,50,66,424,4
415,base,combee,bug,flying,30,30,42,30,42,70,244,4
416,base,vespiquen,bug,flying,70,80,102,80,102,40,474,4
417,base,pachirisu,electric,Null,60,45,70,45,90,95,405,4
418,base,buizel,water,Null,55,65,35,60,30,85,330,4
419,base,floatzel,water,Null,85,105,55,85,50,115,495,4
420,base,cherubi,grass,Null,45,35,45,62,53,35,275,4
421,base,cherrim,grass,Null,70,60,70,87,78,85,450,4
421.1,form,cherrim-open,grass,Null,70,90,70,87,117,85,519,4
422,base,shellos,water,Null,76,48,48,57,62,34,325,4
423,base,gastrodon,water,ground,111,83,68,92,82,39,475,4
424,base,ambipom,normal,Null,75,100,66,60,66,115,482,4
425,base,drifloon,ghost,flying,90,50,34,60,44,70,348,4
426,base,drifblim,ghost,flying,150,80,44,90,54,80,498,4
427,base,buneary,normal,Null,55,66,44,44,56,85,350,4
428,base,lopunny,normal,Null,65,76,84,54,96,105,480,4
428.1,mega,Megalopunny,normal,fighting,65,136,94,54,96,135,580,4
429,base,mismagius,ghost,Null,60,60,60,105,105,105,495,4
430,base,honchkrow,dark,flying,100,125,52,105,52,71,505,4
431,base,glameow,normal,Null,49,55,42,42,37,85,310,4
432,base,purugly,normal,Null,71,82,64,64,59,112,452,4
433,base,chingling,psychic,Null,45,30,50,65,50,45,285,4
434,base,stunky,poison,dark,63,63,47,41,41,74,329,4
435,base,skuntank,poison,dark,103,93,67,71,61,84,479,4
436,base,bronzor,steel,psychic,57,24,86,24,86,23,300,4
437,base,bronzong,steel,psychic,67,89,116,79,116,33,500,4
438,base,bonsly,rock,Null,50,80,95,10,45,10,290,4
439,base,mime-jr,psychic,fairy,20,25,45,70,90,60,310,4
440,base,happiny,normal,Null,100,5,5,15,65,30,220,4
441,base,chatot,normal,flying,76,65,45,92,42,91,411,4
442,base,spiritomb,ghost,dark,50,92,108,92,108,35,485,4
443,base,gible,dragon,ground,58,70,45,40,45,42,300,4
444,base,gabite,dragon,ground,68,90,65,50,55,82,410,4
445,base,garchomp,dragon,ground,108,130,95,80,85,102,600,4
445.1,mega,Megagarchomp,dragon,ground,108,170,115,120,95,92,700,4
446,base,munchlax,normal,Null,135,85,40,40,85,5,390,4
447,base,riolu,fighting,Null,40,70,40,35,40,60,285,4
448,base,lucario,fighting,steel,70,110,70,115,70,90,525,4
448.1,mega,Megalucario,fighting,steel,70,145,88,140,70,112,625,4
449,base,hippopotas,ground,Null,68,72,78,38,42,32,330,4
450,base,hippowdon,ground,Null,108,112,118,68,72,47,525,4
451,base,skorupi,poison,bug,40,50,90,30,55,65,330,4
452,base,drapion,poison,dark,70,90,110,60,75,95,500,4
453,base,croagunk,poison,fighting,48,61,40,61,40,50,300,4
454,base,toxicroak,poison,fighting,83,106,65,86,65,85,490,4
455,base,carnivine,grass,Null,74,100,72,90,72,46,454,4
456,base,finneon,water,Null,49,49,56,49,61,66,330,4
457,base,lumineon,water,Null,69,69,76,69,86,91,460,4
458,base,mantyke,water,flying,45,20,50,60,120,50,345,4
459,base,snover,grass,ice,60,62,50,62,60,40,334,4
460,base,abomasnow,grass,ice,90,92,75,92,85,60,494,4
460.1,mega,Megaabomasnow,grass,ice,90,132,105,132,105,30,594,4
461,base,weavile,dark,ice,70,120,65,45,85,125,510,4
462,base,magnezone,electric,steel,70,70,115,130,90,60,535,4
463,base,lickilicky,normal,Null,110,85,95,80,95,50,515,4
464,base,rhyperior,ground,rock,115,140,130,55,55,40,535,4
465,base,tangrowth,grass,Null,100,100,125,110,50,50,535,4
466,base,electivire,electric,Null,75,123,67,95,85,95,540,4
467,base,magmortar,fire,Null,75,95,67,125,95,83,540,4
468,base,togekiss,fairy,flying,85,50,95,120,115,80,545,4
469,base,yanmega,bug,flying,86,76,86,116,56,95,515,4
470,base,leafeon,grass,Null,65,110,130,60,65,95,525,4
471,base,glaceon,ice,Null,65,60,110,130,95,65,525,4
472,base,gliscor,ground,flying,75,95,125,45,75,95,510,4
473,base,mamoswine,ice,ground,110,130,80,70,60,80,530,4
474,base,porygon-z,normal,Null,85,80,70,135,75,90,535,4
475,base,gallade,psychic,fighting,68,125,65,65,115,80,518,4
475.1,mega,Megagallade,psychic,fighting,68,165,95,65,115,110,618,4
476,base,probopass,rock,steel,60,55,145,75,150,40,525,4
477,base,dusknoir,ghost,Null,45,100,135,65,135,45,525,4
478,base,froslass,ice,ghost,70,80,70,80,70,110,480,4
479,base,rotom,electric,ghost,50,50,77,95,77,91,440,4
479.1,form,rotom-heat,electric,fire,50,65,107,105,107,86,520,4
479.2,form,rotom-wash,electric,water,50,65,107,105,107,86,520,4
479.3,form,rotom-mow,electric,grass,50,65,107,105,107,86,520,4
479.4,form,rotom-fan,electric,flying,50,65,107,105,107,86,520,4
479.5,form,rotom-frost,electric,ice,50,65,107,105,107,86,520,4
480,base,uxie,psychic,Null,75,75,130,75,130,95,580,4
481,base,mesprit,psychic,Null,80,105,105,105,105,80,580,4
482,base,azelf,psychic,Null,75,125,70,125,70,115,580,4
483,base,dialga,steel,dragon,100,120,120,150,100,90,680,4
483.1,form,dialga-origin,steel,dragon,100,100,120,150,120,90,680,4
484,base,palkia,water,dragon,90,120,100,150,120,100,680,4
484.1,form,palkia-origin,water,dragon,90,100,100,150,120,120,680,4
485,base,heatran,fire,steel,91,90,106,130,106,77,600,4
486,base,regigigas,normal,Null,110,160,110,80,110,100,670,4
487,base,giratina-altered,ghost,dragon,150,100,120,100,120,90,680,4
488,base,cresselia,psychic,Null,120,70,110,75,120,85,580,4
489,base,phione,water,Null,80,80,80,80,80,80,480,4
490,base,manaphy,water,Null,100,100,100,100,100,100,600,4
491,base,darkrai,dark,Null,70,90,90,135,90,125,600,4
492,base,shaymin-land,grass,Null,100,100,100,100,100,100,600,4
492.1,form,shaymin-sky,grass,flying,100,103,75,120,75,127,600,4
493,base,arceus,normal,Null,120,120,120,120,120,120,720,4
494,base,victini,psychic,fire,100,100,100,100,100,100,600,5
495,base,snivy,grass,Null,45,45,55,45,55,63,308,5
496,base,servine,grass,Null,60,60,75,60,75,83,413,5
497,base,serperior,grass,Null,75,75,95,75,95,113,528,5
498,base,tepig,fire,Null,65,63,45,45,45,45,308,5
499,base,pignite,fire,fighting,90,93,55,70,55,55,418,5
500,base,emboar,fire,fighting,110,123,65,100,65,65,528,5
501,base,oshawott,water,Null,55,55,45,63,45,45,308,5
502,base,dewott,water,Null,75,75,60,83,60,60,413,5
503,base,samurott,water,Null,95,100,85,108,70,70,528,5
503.1,regional,Hsamurott,water,dark,90,108,80,100,65,85,528,5
504,base,patrat,normal,Null,45,55,39,35,39,42,255,5
505,base,watchog,normal,Null,60,85,69,60,69,77,420,5
506,base,lillipup,normal,Null,45,60,45,25,45,55,275,5
507,base,herdier,normal,Null,65,80,65,35,65,60,370,5
508,base,stoutland,normal,Null,85,110,90,45,90,80,500,5
509,base,purrloin,dark,Null,41,50,37,50,37,66,281,5
510,base,liepard,dark,Null,64,88,50,88,50,106,446,5
511,base,pansage,grass,Null,50,53,48,53,48,64,316,5
512,base,simisage,grass,Null,75,98,63,98,63,101,498,5
513,base,pansear,fire,Null,50,53,48,53,48,64,316,5
514,base,simisear,fire,Null,75,98,63,98,63,101,498,5
515,base,panpour,water,Null,50,53,48,53,48,64,316,5
516,base,simipour,water,Null,75,98,63,98,63,101,498,5
517,base,munna,psychic,Null,76,25,45,67,55,24,292,5
518,base,musharna,psychic,Null,116,55,85,107,95,29,487,5
519,base,pidove,normal,flying,50,55,50,36,30,43,264,5
520,base,tranquill,normal,flying,62,77,62,50,42,65,358,5
521,base,unfezant,normal,flying,80,115,80,65,55,93,488,5
522,base,blitzle,electric,Null,45,60,32,50,32,76,295,5
523,base,zebstrika,electric,Null,75,100,63,80,63,116,497,5
524,base,roggenrola,rock,Null,55,75,85,25,25,15,280,5
525,base,boldore,rock,Null,70,105,105,50,40,20,390,5
526,base,gigalith,rock,Null,85,135,130,60,80,25,515,5
527,base,woobat,psychic,flying,65,45,43,55,43,72,323,5
528,base,swoobat,psychic,flying,67,57,55,77,55,114,425,5
529,base,drilbur,ground,Null,60,85,40,30,45,68,328,5
530,base,excadrill,ground,steel,110,135,60,50,65,88,508,5
531,base,audino,normal,Null,103,60,86,60,86,50,445,5
531.1,mega,Megaaudino,normal,fairy,103,60,126,80,126,50,545,5
532,base,timburr,fighting,Null,75,80,55,25,35,35,305,5
533,base,gurdurr,fighting,Null,85,105,85,40,50,40,405,5
534,base,conkeldurr,fighting,Null,105,140,95,55,65,45,505,5
535,base,tympole,water,Null,50,50,40,50,40,64,294,5
536,base,palpitoad,water,ground,75,65,55,65,55,69,384,5
537,base,seismitoad,water,ground,105,95,75,85,75,74,509,5
538,base,throh,fighting,Null,120,100,85,30,85,45,465,5
539,base,sawk,fighting,Null,75,125,75,30,75,85,465,5
540,base,sewaddle,bug,grass,45,53,70,40,60,42,310,5
541,base,swadloon,bug,grass,55,63,90,50,80,42,380,5
542,base,leavanny,bug,grass,75,103,80,70,80,92,500,5
543,base,venipede,bug,poison,30,45,59,30,39,57,260,5
544,base,whirlipede,bug,poison,40,55,99,40,79,47,360,5
545,base,scolipede,bug,poison,60,100,89,55,69,112,485,5
546,base,cottonee,grass,fairy,40,27,60,37,50,66,280,5
547,base,whimsicott,grass,fairy,60,67,85,77,75,116,480,5
548,base,petilil,grass,Null,45,35,50,70,50,30,280,5
549,base,lilligant,grass,Null,70,60,75,110,75,90,480,5
549.1,regional,Hlilligant,grass,fighting,70,105,75,50,75,105,480,5
550,base,basculin,water,Null,70,92,65,80,55,98,460,5
551,base,sandile,ground,dark,50,72,35,35,35,65,292,5
552,base,krokorok,ground,dark,60,82,45,45,45,74,351,5
553,base,krookodile,ground,dark,95,117,80,65,70,92,519,5
554,base,darumaka,fire,Null,70,90,45,15,45,50,315,5
554.1,regional,Gdarumaka,ice,Null,70,90,45,15,45,50,315,5
555,base,darmanitan-standard,fire,Null,105,140,55,30,55,95,480,5
555.1,form,darmanitan-zen,fire,psychic,105,30,105,140,105,55,540,5
555.2,regional,Gdarmanitan-standard,ice,Null,105,140,55,30,55,95,480,5
555.3,regional,Gdarmanitan-zen,ice,fire,105,160,55,30,55,135,540,5
556,base,maractus,grass,Null,75,86,67,106,67,60,461,5
557,base,dwebble,bug,rock,50,65,85,35,35,55,325,5
558,base,crustle,bug,rock,70,105,125,65,75,45,485,5
559,base,scraggy,dark,fighting,50,75,70,35,70,48,348,5
560,base,scrafty,dark,fighting,65,90,115,45,115,58,488,5
561,base,sigilyph,psychic,flying,72,58,80,103,80,97,490,5
562,base,yamask,ghost,Null,38,30,85,55,65,30,303,5
562.1,regional,Gyamask,ground,ghost,38,55,85,30,65,30,303,
563,base,cofagrigus,ghost,Null,58,50,145,95,105,30,483,5
564,base,tirtouga,water,rock,54,78,103,53,45,22,355,5
565,base,carracosta,water,rock,74,108,133,83,65,32,495,5
566,base,archen,rock,flying,55,112,45,74,45,70,401,5
567,base,archeops,rock,flying,75,140,65,112,65,110,567,5
568,base,trubbish,poison,Null,50,50,62,40,62,65,329,5
569,base,garbodor,poison,Null,80,95,82,60,82,75,474,5
569.1,giga,Gigagarbodor,poison,Null,80,95,82,60,82,75,474,5
570,base,zorua,dark,Null,40,65,40,80,40,65,330,5
570.1,regional,Hzorua,normal,ghost,35,60,40,85,40,70,330,5
571,base,zoroark,dark,Null,60,105,60,120,60,105,510,5
571.1,regional,Hzoroark,normal,ghost,60,100,60,120,60,110,510,5
572,base,minccino,normal,Null,55,50,40,40,40,75,300,5
573,base,cinccino,normal,Null,75,95,60,65,60,115,470,5
574,base,gothita,psychic,Null,45,30,50,55,65,45,290,5
575,base,gothorita,psychic,Null,60,45,70,75,85,55,390,5
576,base,gothitelle,psychic,Null,70,55,95,95,110,65,490,5
577,base,solosis,psychic,Null,45,30,40,105,50,20,290,5
578,base,duosion,psychic,Null,65,40,50,125,60,30,370,5
579,base,reuniclus,psychic,Null,110,65,75,125,85,30,490,5
580,base,ducklett,water,flying,62,44,50,44,50,55,305,5
581,base,swanna,water,flying,75,87,63,87,63,98,473,5
582,base,vanillite,ice,Null,36,50,50,65,60,44,305,5
583,base,vanillish,ice,Null,51,65,65,80,75,59,395,5
584,base,vanilluxe,ice,Null,71,95,85,110,95,79,535,5
585,base,deerling,normal,grass,60,60,50,40,50,75,335,5
586,base,sawsbuck,normal,grass,80,100,70,60,70,95,475,5
587,base,emolga,electric,flying,55,75,60,75,60,103,428,5
588,base,karrablast,bug,Null,50,75,45,40,45,60,315,5
589,base,escavalier,bug,steel,70,135,105,60,105,20,495,5
590,base,foongus,grass,poison,69,55,45,55,55,15,294,5
591,base,amoonguss,grass,poison,114,85,70,85,80,30,464,5
592,base,frillish,water,ghost,55,40,50,65,85,40,335,5
593,base,jellicent,water,ghost,100,60,70,85,105,60,480,5
594,base,alomomola,water,Null,165,75,80,40,45,65,470,5
595,base,joltik,bug,electric,50,47,50,57,50,65,319,5
596,base,galvantula,bug,electric,70,77,60,97,60,108,472,5
597,base,ferroseed,grass,steel,44,50,91,24,86,10,305,5
598,base,ferrothorn,grass,steel,74,94,131,54,116,20,489,5
599,base,klink,steel,Null,40,55,70,45,60,30,300,5
600,base,klang,steel,Null,60,80,95,70,85,50,440,5
601,base,klinklang,steel,Null,60,100,115,70,85,90,520,5
602,base,tynamo,electric,Null,35,55,40,45,40,60,275,5
603,base,eelektrik,electric,Null,65,85,70,75,70,40,405,5
604,base,eelektross,electric,Null,85,115,80,105,80,50,515,5
605,base,elgyem,psychic,Null,55,55,55,85,55,30,335,5
606,base,beheeyem,psychic,Null,75,75,75,125,95,40,485,5
607,base,litwick,ghost,fire,50,30,55,65,55,20,275,5
608,base,lampent,ghost,fire,60,40,60,95,60,55,370,5
609,base,chandelure,ghost,fire,60,55,90,145,90,80,520,5
610,base,axew,dragon,Null,46,87,60,30,40,57,320,5
611,base,fraxure,dragon,Null,66,117,70,40,50,67,410,5
612,base,haxorus,dragon,Null,76,147,90,60,70,97,540,5
613,base,cubchoo,ice,Null,55,70,40,60,40,40,305,5
614,base,beartic,ice,Null,95,130,80,70,80,50,505,5
615,base,cryogonal,ice,Null,80,50,50,95,135,105,515,5
616,base,shelmet,bug,Null,50,40,85,40,65,25,305,5
617,base,accelgor,bug,Null,80,70,40,100,60,145,495,5
618,base,stunfisk,ground,electric,109,66,84,81,99,32,471,5
618.1,regional,Gstunfisk,ground,steel,109,81,99,66,84,32,471,5
619,base,mienfoo,fighting,Null,45,85,50,55,50,65,350,5
620,base,mienshao,fighting,Null,65,125,60,95,60,105,510,5
621,base,druddigon,dragon,Null,77,120,90,60,90,48,485,5
622,base,golett,ground,ghost,59,74,50,35,50,35,303,5
623,base,golurk,ground,ghost,89,124,80,55,80,55,483,5
624,base,pawniard,dark,steel,45,85,70,40,40,60,340,5
625,base,bisharp,dark,steel,65,125,100,60,70,70,490,5
626,base,bouffalant,normal,Null,95,110,95,40,95,55,490,5
627,base,rufflet,normal,flying,70,83,50,37,50,60,350,5
628,base,braviary,normal,flying,100,123,75,57,75,80,510,5
628.1,regional,Hbraviary,psychic,flying,110,83,70,112,70,65,510,5
629,base,vullaby,dark,flying,70,55,75,45,65,60,370,5
630,base,mandibuzz,dark,flying,110,65,105,55,95,80,510,5
631,base,heatmor,fire,Null,85,97,66,105,66,65,484,5
632,base,durant,bug,steel,58,109,112,48,48,109,484,5
633,base,deino,dark,dragon,52,65,50,45,50,38,300,5
634,base,zweilous,dark,dragon,72,85,70,65,70,58,420,5
635,base,hydreigon,dark,dragon,92,105,90,125,90,98,600,5
636,base,larvesta,bug,fire,55,85,55,50,55,60,360,5
637,base,volcarona,bug,fire,85,60,65,135,105,100,550,5
638,base,cobalion,steel,fighting,91,90,129,90,72,108,580,5
639,base,terrakion,rock,fighting,91,129,90,72,90,108,580,5
640,base,virizion,grass,fighting,91,90,72,90,129,108,580,5
641,base,tornadus-incarnate,flying,Null,79,115,70,125,80,111,580,5
641.1,form,tornadus-totem,flying,Null,79,100,80,110,90,121,580,5
642,base,thundurus-incarnate,electric,flying,79,115,70,125,80,111,580,5
642.1,form,thundurus-totem,electric,flying,79,105,70,145,80,101,580,5
643,base,reshiram,dragon,fire,100,120,100,150,120,90,680,5
644,base,zekrom,dragon,electric,100,150,120,120,100,90,680,5
645,base,landorus-incarnate,ground,flying,89,125,90,115,80,101,600,5
645.1,form,landorus-totem,ground,flying,89,145,90,105,80,91,600,5
646,base,kyurem,dragon,ice,125,130,90,130,90,95,660,5
646.1,form,kyurem-b,dragon,ice,125,170,100,120,90,95,700,5
646.2,form,kyurem-w,dragon,ice,125,120,90,170,100,95,700,5
647,base,keldeo,water,fighting,91,72,90,129,90,108,580,5
648,base,meloetta-aria,normal,psychic,100,77,77,128,128,90,600,5
648.1,form,meloetta-dance,normal,fighting,100,128,90,77,77,128,600,5
649,base,genesect,bug,steel,71,120,95,120,95,99,600,5
650,base,chespin,grass,Null,56,61,65,48,45,38,313,6
651,base,quilladin,grass,Null,61,78,95,56,58,57,405,6
652,base,chesnaught,grass,fighting,88,107,122,74,75,64,530,6
653,base,fennekin,fire,Null,40,45,40,62,60,60,307,6
654,base,braixen,fire,Null,59,59,58,90,70,73,409,6
655,base,delphox,fire,psychic,75,69,72,114,100,104,534,6
656,base,froakie,water,Null,41,56,40,62,44,71,314,6
657,base,frogadier,water,Null,54,63,52,83,56,97,405,6
658,base,greninja,water,dark,72,95,67,103,71,122,530,6
659,base,bunnelby,normal,Null,38,36,38,32,36,57,237,6
660,base,diggersby,normal,ground,85,56,77,50,77,78,423,6
661,base,fletchling,normal,flying,45,50,43,40,38,62,278,6
662,base,fletchinder,fire,flying,62,73,55,56,52,84,382,6
663,base,talonflame,fire,flying,78,81,71,74,69,126,499,6
664,base,scatterbug,bug,Null,38,35,40,27,25,35,200,6
665,base,spewpa,bug,Null,45,22,60,27,30,29,213,6
666,base,vivillon,bug,flying,80,52,50,90,50,89,411,6
667,base,litleo,fire,normal,62,50,58,73,54,72,369,6
668,base,pyroar,fire,normal,86,68,72,109,66,106,507,6
669,base,flabebe,fairy,Null,44,38,39,61,79,42,303,6
670,base,floette,fairy,Null,54,45,47,75,98,52,371,6
671,base,florges,fairy,Null,78,65,68,112,154,75,552,6
672,base,skiddo,grass,Null,66,65,48,62,57,52,350,6
673,base,gogoat,grass,Null,123,100,62,97,81,68,531,6
674,base,pancham,fighting,Null,67,82,62,46,48,43,348,6
675,base,pangoro,fighting,dark,95,124,78,69,71,58,495,6
676,base,furfrou,normal,Null,75,80,60,65,90,102,472,6
677,base,espurr,psychic,Null,62,48,54,63,60,68,355,6
678,base,meowstic-male,psychic,Null,74,48,76,83,81,104,466,6
679,base,honedge,steel,ghost,45,80,100,35,37,28,325,6
680,base,doublade,steel,ghost,59,110,150,45,49,35,448,6
681,base,aegislash-shield,steel,ghost,60,50,140,50,140,60,500,6
681.1,form,aegislash-sword,steel,ghost,60,140,50,140,50,60,500,6
682,base,spritzee,fairy,Null,78,52,60,63,65,23,341,6
683,base,aromatisse,fairy,Null,101,72,72,99,89,29,462,6
684,base,swirlix,fairy,Null,62,48,66,59,57,49,341,6
685,base,slurpuff,fairy,Null,82,80,86,85,75,72,480,6
686,base,inkay,dark,psychic,53,54,53,37,46,45,288,6
687,base,malamar,dark,psychic,86,92,88,68,75,73,482,6
688,base,binacle,rock,water,42,52,67,39,56,50,306,6
689,base,barbaracle,rock,water,72,105,115,54,86,68,500,6
690,base,skrelp,poison,water,50,60,60,60,60,30,320,6
691,base,dragalge,poison,dragon,65,75,90,97,123,44,494,6
692,base,clauncher,water,Null,50,53,62,58,63,44,330,6
693,base,clawitzer,water,Null,71,73,88,120,89,59,500,6
694,base,helioptile,electric,normal,44,38,33,61,43,70,289,6
695,base,heliolisk,electric,normal,62,55,52,109,94,109,481,6
696,base,tyrunt,rock,dragon,58,89,77,45,45,48,362,6
697,base,tyrantrum,rock,dragon,82,121,119,69,59,71,521,6
698,base,amaura,rock,ice,77,59,50,67,63,46,362,6
699,base,aurorus,rock,ice,123,77,72,99,92,58,521,6
700,base,sylveon,fairy,Null,95,65,65,110,130,60,525,6
701,base,hawlucha,fighting,flying,78,92,75,74,63,118,500,6
702,base,dedenne,electric,fairy,67,58,57,81,67,101,431,6
703,base,carbink,rock,fairy,50,50,150,50,150,50,500,6
704,base,goomy,dragon,Null,45,50,35,55,75,40,300,6
705,base,sliggoo,dragon,Null,68,75,53,83,113,60,452,6
705.1,regional,Hsliggoo,steel,dragon,58,75,83,83,113,40,452,6
706,base,goodra,dragon,Null,90,100,70,110,150,80,600,6
706.1,regional,Hgoodra,steel,dragon,80,100,100,110,150,60,600,6
707,base,klefki,steel,fairy,57,80,91,80,87,75,470,6
708,base,phantump,ghost,grass,43,70,48,50,60,38,309,6
709,base,trevenant,ghost,grass,85,110,76,65,82,56,474,6
710,base,pumpkaboo,ghost,grass,49,66,70,44,55,51,335,6
711,base,gourgeist,ghost,grass,65,90,122,58,75,84,494,6
712,base,bergmite,ice,Null,55,69,85,32,35,28,304,6
713,base,avalugg,ice,Null,95,117,184,44,46,28,514,6
713.1,regional,Havalugg,ice,rock,95,127,184,34,36,38,514,6
714,base,noibat,flying,dragon,40,30,35,45,40,55,245,6
715,base,noivern,flying,dragon,85,70,80,97,80,123,535,6
716,base,xerneas,fairy,Null,126,131,95,131,98,99,680,6
717,base,yveltal,dark,flying,126,131,95,131,98,99,680,6
718,base,zygarde-10,dragon,ground,54,100,71,61,85,115,486,6
718.1,form,zygarde-50,dragon,ground,108,100,121,81,95,95,600,6
718.2,form,zygarde-100,dragon,ground,216,100,121,91,95,85,708,6
719,base,diancie,rock,fairy,50,100,150,100,150,50,600,6
719.1,mrga,Megadiancie,rock,fairy,50,160,110,160,110,110,700,6
720,base,hoopa,psychic,ghost,80,110,60,150,130,70,600,6
720.1,form,hoopa-free,psychic,dark,80,160,60,170,130,80,680,6
721,base,volcanion,fire,water,80,110,120,130,90,70,600,6
722,base,rowlet,grass,flying,68,55,55,50,50,42,320,7
723,base,dartrix,grass,flying,78,75,75,70,70,52,420,7
724,base,decidueye,grass,ghost,78,107,75,100,100,70,530,7
724.1,regional,Hdecidueye,grass,fighting,88,112,80,95,95,60,530,7
725,base,litten,fire,Null,45,65,40,60,40,70,320,7
726,base,torracat,fire,Null,65,85,50,80,50,90,420,7
727,base,incineroar,fire,dark,95,115,90,80,90,60,530,7
728,base,popplio,water,Null,50,54,54,66,56,40,320,7
729,base,brionne,water,Null,60,69,69,91,81,50,420,7
730,base,primarina,water,fairy,80,74,74,126,116,60,530,7
731,base,pikipek,normal,flying,35,75,30,30,30,65,265,7
732,base,trumbeak,normal,flying,55,85,50,40,50,75,355,7
733,base,toucannon,normal,flying,80,120,75,75,75,60,485,7
734,base,yungoos,normal,Null,48,70,30,30,30,45,253,7
735,base,gumshoos,normal,Null,88,110,60,55,60,45,418,7
736,base,grubbin,bug,Null,47,62,45,55,45,46,300,7
737,base,charjabug,bug,electric,57,82,95,55,75,36,400,7
738,base,vikavolt,bug,electric,77,70,90,145,75,43,500,7
739,base,crabrawler,fighting,Null,47,82,57,42,47,63,338,7
740,base,crabominable,fighting,ice,97,132,77,62,67,43,478,7
741,base,oricorio-baile,fire,flying,75,70,70,98,70,93,476,7
742,base,cutiefly,bug,fairy,40,45,40,55,40,84,304,7
743,base,ribombee,bug,fairy,60,55,60,95,70,124,464,7
744,base,rockruff,rock,Null,45,65,40,30,40,60,280,7
745,base,lycanroc-midday,rock,Null,75,115,65,55,65,112,487,7
745.1,form,lycanroc-midnight,rock,Null,85,115,75,55,75,82,487,7
745.2,form,lycanroc-dusk,rock,Null,75,117,65,55,65,110,487,7
746,base,wishiwashi-solo,water,Null,45,20,20,25,25,40,175,7
746.1,form,wishiwashi-school,water,Null,45,140,130,140,135,30,620,7
747,base,mareanie,poison,water,50,53,62,43,52,45,305,7
748,base,toxapex,poison,water,50,63,152,53,142,35,495,7
749,base,mudbray,ground,Null,70,100,70,45,55,45,385,7
750,base,mudsdale,ground,Null,100,125,100,55,85,35,500,7
751,base,dewpider,water,bug,38,40,52,40,72,27,269,7
752,base,araquanid,water,bug,68,70,92,50,132,42,454,7
753,base,fomantis,grass,Null,40,55,35,50,35,35,250,7
754,base,lurantis,grass,Null,70,105,90,80,90,45,480,7
755,base,morelull,grass,fairy,40,35,55,65,75,15,285,7
756,base,shiinotic,grass,fairy,60,45,80,90,100,30,405,7
757,base,salandit,poison,fire,48,44,40,71,40,77,320,7
758,base,salazzle,poison,fire,68,64,60,111,60,117,480,7
759,base,stufful,normal,fighting,70,75,50,45,50,50,340,7
760,base,bewear,normal,fighting,120,125,80,55,60,60,500,7
761,base,bounsweet,grass,Null,42,30,38,30,38,32,210,7
762,base,steenee,grass,Null,52,40,48,40,48,62,290,7
763,base,tsareena,grass,Null,72,120,98,50,98,72,510,7
764,base,comfey,fairy,Null,51,52,90,82,110,100,485,7
765,base,oranguru,normal,psychic,90,60,80,90,110,60,490,7
766,base,passimian,fighting,Null,100,120,90,40,60,80,490,7
767,base,wimpod,bug,water,25,35,40,20,30,80,230,7
768,base,golisopod,bug,water,75,125,140,60,90,40,530,7
769,base,sandygast,ghost,ground,55,55,80,70,45,15,320,7
770,base,palossand,ghost,ground,85,75,110,100,75,35,480,7
771,base,pyukumuku,water,Null,55,60,130,30,130,5,410,7
772,base,type-null,normal,Null,95,95,95,95,95,59,534,7
773,base,silvally,normal,Null,95,95,95,95,95,95,570,7
774,base,minior-meteo,rock,flying,60,60,100,60,100,60,440,7
774.1,form,minior-core,rock,flying,60,100,60,100,60,120,500,7
775,base,komala,normal,Null,65,115,65,75,95,65,480,7
776,base,turtonator,fire,dragon,60,78,135,91,85,36,485,7
777,base,togedemaru,electric,steel,65,98,63,40,73,96,435,7
778,base,mimikyu,ghost,fairy,55,90,80,50,105,96,476,7
779,base,bruxish,water,psychic,68,105,70,70,70,92,475,7
780,base,drampa,normal,dragon,78,60,85,135,91,36,485,7
781,base,dhelmise,ghost,grass,70,131,100,86,90,40,517,7
782,base,jangmo-o,dragon,Null,45,55,65,45,45,45,300,7
783,base,hakamo-o,dragon,fighting,55,75,90,65,70,65,420,7
784,base,kommo-o,dragon,fighting,75,110,125,100,105,85,600,7
785,base,tapu-koko,electric,fairy,70,115,85,95,75,130,570,7
786,base,tapu-lele,psychic,fairy,70,85,75,130,115,95,570,7
787,base,tapu-bulu,grass,fairy,70,130,115,85,95,75,570,7
788,base,tapu-fini,water,fairy,70,75,115,95,130,85,570,7
789,base,cosmog,psychic,Null,43,29,31,29,31,37,200,7
790,base,cosmoem,psychic,Null,43,29,131,29,131,37,400,7
791,base,solgaleo,psychic,steel,137,137,107,113,89,97,680,7
792,base,lunala,psychic,ghost,137,113,89,137,107,97,680,7
793,base,nihilego,rock,poison,109,53,47,127,131,103,570,7
794,base,buzzwole,bug,fighting,107,139,139,53,53,79,570,7
795,base,pheromosa,bug,fighting,71,137,37,137,37,151,570,7
796,base,xurkitree,electric,Null,83,89,71,173,71,83,570,7
797,base,celesteela,steel,flying,97,101,103,107,101,61,570,7
798,base,kartana,grass,steel,59,181,131,59,31,109,570,7
799,base,guzzlord,dark,dragon,223,101,53,97,53,43,570,7
800,base,necrozma,psychic,Null,97,107,101,127,89,79,600,7
800.1,form,necrozma-dawn,psychic,steel,97,157,127,113,109,77,680,7
800.2,form,necrozma-dusk,psychic,ghost,97,113,109,157,127,77,680,7
800.3,form,Ultranecrozma,psychic,dragon,97,167,97,167,97,129,754,7
801,base,magearna,steel,fairy,80,95,115,130,115,65,600,7
802,base,marshadow,fighting,ghost,90,125,80,90,90,125,600,7
803,base,poipole,poison,Null,67,73,67,73,67,73,420,7
804,base,naganadel,poison,dragon,73,73,73,127,73,121,540,7
805,base,stakataka,rock,steel,61,131,211,53,101,13,570,7
806,base,blacephalon,fire,ghost,53,127,53,151,79,107,570,7
807,base,zeraora,electric,Null,88,112,75,102,80,143,600,7
808,base,meltan,steel,Null,46,65,65,55,35,34,300,7
809,base,melmetal,steel,Null,135,143,143,80,65,34,600,7
809.1,giga,Gigamelmetal,steel,Null,135,143,143,80,65,34,600,7
810,base,grookey,grass,Null,50,65,50,40,40,65,310,8
811,base,thwackey,grass,Null,70,85,70,55,60,80,420,8
812,base,rillaboom,grass,Null,100,125,90,60,70,85,530,8
812.1,giga,Gigarillaboom,grass,Null,100,125,90,60,70,85,530,8
813,base,scorbunny,fire,Null,50,71,40,40,40,69,310,8
814,base,raboot,fire,Null,65,86,60,55,60,94,420,8
815,base,cinderace,fire,Null,80,116,75,65,75,119,530,8
815.1,giga,Gigacinderace,fire,Null,80,116,75,65,75,119,530,8
816,base,sobble,water,Null,50,40,40,70,40,70,310,8
817,base,drizzile,water,Null,65,60,55,95,55,90,420,8
818,base,inteleon,water,Null,70,85,65,125,65,120,530,8
818.1,giga,Gigainteleon,water,Null,70,85,65,125,65,120,530,8
819,base,skwovet,normal,Null,70,55,55,35,35,25,275,8
820,base,greedent,normal,Null,120,95,95,55,75,20,460,8
821,base,rookidee,flying,Null,38,47,35,33,35,57,245,8
822,base,corvisquire,flying,Null,68,67,55,43,55,77,365,8
823,base,corviknight,flying,steel,98,87,105,53,85,67,495,8
823.1,giga,Gigacorviknight,flying,steel,98,87,105,53,85,67,495,8
824,base,blipbug,bug,Null,25,20,20,25,45,45,180,8
825,base,dottler,bug,psychic,50,35,80,50,90,30,335,8
826,base,orbeetle,bug,psychic,60,45,110,80,120,90,505,8
826.1,giga,Gigaorbeetle,bug,psychic,60,45,110,80,120,90,505,8
827,base,nickit,dark,Null,40,28,28,47,52,50,245,8
828,base,thievul,dark,Null,70,58,58,87,92,90,455,8
829,base,gossifleur,grass,Null,40,40,60,40,60,10,250,8
830,base,eldegoss,grass,Null,60,50,90,80,120,60,460,8
831,base,wooloo,normal,Null,42,40,55,40,45,48,270,8
832,base,dubwool,normal,Null,72,80,100,60,90,88,490,8
833,base,chewtle,water,Null,50,64,50,38,38,44,284,8
834,base,drednaw,water,rock,90,115,90,48,68,74,485,8
834.1,giga,Gigadrednaw,water,rock,90,115,90,48,68,74,485,8
835,base,yamper,electric,Null,59,45,50,40,50,26,270,8
836,base,boltund,electric,Null,69,90,60,90,60,121,490,8
837,base,rolycoly,rock,Null,30,40,50,40,50,30,240,8
838,base,carkol,rock,fire,80,60,90,60,70,50,410,8
839,base,coalossal,rock,fire,110,80,120,80,90,30,510,8
839.1,giga,Gigacoalossal,rock,fire,110,80,120,80,90,30,510,8
840,base,applin,grass,dragon,40,40,80,40,40,20,260,8
841,base,flapple,grass,dragon,70,110,80,95,60,70,485,8
841.1,giga,Gigaflapple,grass,dragon,70,110,80,95,60,70,485,8
842,base,appletun,grass,dragon,70,110,80,95,60,70,485,8
842.1,giga,Gigaappletun,grass,dragon,70,110,80,95,60,70,485,8
843,base,silicobra,ground,Null,52,57,75,35,50,46,315,8
844,base,sandaconda,ground,Null,72,107,125,65,70,71,510,8
844.1,giga,Gigasandaconda,ground,Null,72,107,125,65,70,71,510,8
845,base,cramorant,flying,water,70,85,55,85,95,85,475,8
846,base,arrokuda,water,Null,41,63,40,40,30,66,280,8
847,base,barraskewda,water,Null,61,123,60,60,50,136,490,8
848,base,toxel,electric,poison,40,38,35,54,35,40,242,8
849,base,toxtricity,electric,poison,75,98,70,114,70,75,502,8
849.1,giga,Gigatoctricity,electric,poison,75,98,70,114,70,75,502,8
850,base,sizzlipede,fire,bug,50,65,45,50,50,45,305,8
851,base,centiskorch,fire,bug,100,115,65,90,90,65,525,8
851.1,giga,Gigacentiskorch,fire,bug,100,115,65,90,90,65,525,8
852,base,clobbopus,fighting,Null,50,68,60,50,50,32,310,8
853,base,grapploct,fighting,Null,80,118,90,70,80,42,480,8
854,base,sinistea,ghost,Null,40,45,45,74,54,50,308,8
855,base,polteageist,ghost,Null,60,65,65,134,114,70,508,8
856,base,hatenna,psychic,Null,42,30,45,56,53,39,265,8
857,base,hattrem,psychic,Null,57,40,65,86,73,49,370,8
858,base,hatterene,psychic,fairy,57,90,95,136,103,29,510,8
858.1,giga,Gigahatterene,psychic,fairy,57,90,95,136,103,29,510,8
859,base,impidimp,dark,fairy,45,45,30,55,40,50,265,8
860,base,morgrem,dark,fairy,65,60,45,75,55,70,370,8
861,base,grimmsnarl,dark,fairy,95,120,65,95,75,60,510,8
861.1,giga,Gigagrimmsnarl,dark,fairy,95,120,65,95,75,60,510,8
862,base,obstagoon,dark,normal,93,90,101,60,81,95,520,8
863,base,perrserker,steel,Null,70,110,100,50,60,50,440,8
864,base,cursola,ghost,Null,60,95,50,145,130,30,510,8
865,base,sirfetchd,fighting,Null,62,135,95,68,82,65,507,8
866,base,mr-rime,ice,psychic,80,85,75,110,100,70,520,8
867,base,runerigus,ground,ghost,58,95,145,50,105,30,483,8
868,base,milcery,fairy,Null,45,40,40,50,61,34,270,8
869,base,alcremie,fairy,Null,65,60,75,110,121,64,495,8
870,base,falinks,fighting,Null,65,100,100,70,60,75,470,8
871,base,pincurchin,electric,Null,48,101,95,91,85,15,435,8
872,base,snom,ice,bug,30,25,35,45,30,20,185,8
873,base,frosmoth,ice,bug,70,65,60,125,90,65,475,8
874,base,stonjourner,rock,Null,100,125,135,20,20,70,470,8
875,base,eiscue-ice,ice,Null,75,80,110,65,90,50,470,8
875.1,form,eiscue-noice,ice,Null,75,80,70,65,50,130,470,8
876,base,indeedee-male,psychic,normal,60,65,55,105,95,95,475,8
876.1,form,indeedee-female,psychic,normal,70,55,65,95,105,85,475,8
877,base,morpeko,electric,dark,58,95,58,70,58,97,436,8
878,base,cufant,steel,Null,72,80,49,40,49,40,330,8
879,base,copperajah,steel,Null,122,130,69,80,69,30,500,8
879.1,giga,Gigacopperajah,steel,Null,122,130,69,80,69,30,500,8
880,base,dracozolt,electric,dragon,90,100,90,80,70,75,505,8
881,base,arctozolt,electric,ice,90,100,90,90,80,55,505,8
882,base,dracovish,water,dragon,90,90,100,70,80,75,505,8
883,base,arctovish,water,ice,90,90,100,80,90,55,505,8
884,base,duraludon,steel,dragon,70,95,115,120,50,85,535,8
884.1,giga,Gigaduraludon,steel,dragon,70,95,115,120,50,85,535,8
885,base,dreepy,dragon,ghost,28,60,30,40,30,82,270,8
886,base,drakloak,dragon,ghost,68,80,50,60,50,102,410,8
887,base,dragapult,dragon,ghost,88,120,75,100,75,142,600,8
888,base,zacian,fairy,Null,92,120,115,80,115,138,660,8
888.1,form,zacian-sword,fairy,steel,92,150,115,80,115,148,700,8
889,base,zamazenta,fighting,Null,92,120,115,80,115,138,660,8
889.1,form,zamazenta-shield,fighting,steel,92,120,140,80,140,128,700,8
890,base,eternatus,poison,dragon,140,85,95,145,95,130,690,8
891,base,kubfu,fighting,Null,60,90,60,53,50,72,385,8
892,base,urshifu-single-strike,fighting,dark,100,130,100,63,60,97,550,8
892.1,giga,Gigaurshifu-single-strike,fighting,dark,100,130,100,63,60,97,550,8
892.2,form,urshifu-multi-strike,fighting,water,100,130,100,63,60,97,550,8
892.3,giga,Gigaurshifu-multi-strike,fighting,water,100,130,100,63,60,97,550,8
893,base,zarude,dark,grass,105,120,105,70,95,105,600,8
894,base,regieleki,electric,Null,80,100,50,100,50,200,580,8
895,base,regidrago,dragon,Null,200,100,50,100,50,80,580,8
896,base,glastrier,ice,Null,100,145,130,65,110,30,580,8
897,base,spectrier,ghost,Null,100,65,60,145,80,130,580,8
898,base,calyrex,psychic,grass,100,80,80,80,80,80,500,8
898.1,form,calyrex-ice,psychic,ice,100,165,150,85,130,50,680,8
898.2,form,calyrex-shadow,psychic,ghost,100,85,80,165,100,150,680,8
899,base,wyrdeer,normal,psychic,103,105,72,105,75,65,525,8
900,base,kleavor,bug,rock,70,135,95,45,70,85,500,8
901,base,ursaluna,ground,normal,130,140,105,45,80,50,550,8
902,base,basculegion-male,water,ghost,120,112,65,80,75,78,530,8
903,base,sneasler,fighting,poison,80,130,60,40,80,120,510,8
904,base,overqwil,dark,poison,85,115,95,65,65,85,510,8
905,base,enamorus-incarnate,fairy,flying,74,115,70,135,80,106,580,8
905.1,form,enamorus-totem,fairy,flying,74,115,110,135,100,46,580,8
906,base,sprigatito,grass,Null,40,61,54,45,45,65,310,9
907,base,floragato,grass,Null,61,80,63,60,63,83,410,9
908,base,meowscarada,grass,dark,76,110,70,81,70,123,530,9
909,base,fuecoco,fire,Null,67,45,59,63,40,36,310,9
910,base,crocalor,fire,Null,81,55,78,90,58,49,411,9
911,base,skeledirge,fire,ghost,104,75,100,110,75,66,530,9
912,base,quaxly,water,Null,55,65,45,50,45,50,310,9
913,base,quaxwell,water,Null,70,85,65,65,60,65,410,9
914,base,quaquaval,water,fighting,85,120,80,85,75,85,530,9
915,base,lechonk,normal,Null,54,45,40,35,45,35,254,9
916,base,oinkologne-male,normal,Null,110,100,75,59,80,65,489,9
917,base,tarountula,bug,Null,35,41,45,29,40,20,210,9
918,base,spidops,bug,Null,60,79,92,52,86,35,404,9
919,base,nymble,bug,Null,33,46,40,21,25,45,210,9
920,base,lokix,bug,dark,71,102,78,52,55,92,450,9
921,base,pawmi,electric,Null,45,50,20,40,25,60,240,9
922,base,pawmo,electric,fighting,60,75,40,50,40,85,350,9
923,base,pawmot,electric,fighting,70,115,70,70,60,105,490,9
924,base,tandemaus,normal,Null,50,50,45,40,45,75,305,9
925,base,maushold-family-of-four,normal,Null,74,75,70,65,75,111,470,9
926,base,fidough,fairy,Null,37,55,70,30,55,65,312,9
927,base,dachsbun,fairy,Null,57,80,115,50,80,95,477,9
928,base,smoliv,grass,normal,41,35,45,58,51,30,260,9
929,base,dolliv,grass,normal,52,53,60,78,78,33,354,9
930,base,arboliva,grass,normal,78,69,90,125,109,39,510,9
931,base,squawkabilly-green-plumage,normal,flying,82,96,51,45,51,92,417,9
932,base,nacli,rock,Null,55,55,75,35,35,25,280,9
933,base,naclstack,rock,Null,60,60,100,35,65,35,355,9
934,base,garganacl,rock,Null,100,100,130,45,90,35,500,9
935,base,charcadet,fire,Null,40,50,40,50,40,35,255,9
936,base,armarouge,fire,psychic,85,60,100,125,80,75,525,9
937,base,ceruledge,fire,ghost,75,125,80,60,100,85,525,9
938,base,tadbulb,electric,Null,61,31,41,59,35,45,272,9
939,base,bellibolt,electric,Null,109,64,91,103,83,45,495,9
940,base,wattrel,electric,flying,40,40,35,55,40,70,280,9
941,base,kilowattrel,electric,flying,70,70,60,105,60,125,490,9
942,base,maschiff,dark,Null,60,78,60,40,51,51,340,9
943,base,mabosstiff,dark,Null,80,120,90,60,70,85,505,9
944,base,shroodle,poison,normal,40,65,35,40,35,75,290,9
945,base,grafaiai,poison,normal,63,95,65,80,72,110,485,9
946,base,bramblin,grass,ghost,40,65,30,45,35,60,275,9
947,base,brambleghast,grass,ghost,55,115,70,80,70,90,480,9
948,base,toedscool,ground,grass,40,40,35,50,100,70,335,9
949,base,toedscruel,ground,grass,80,70,65,80,120,100,515,9
950,base,klawf,rock,Null,70,100,115,35,55,75,450,9
951,base,capsakid,grass,Null,50,62,40,62,40,50,304,9
952,base,scovillain,grass,fire,65,108,65,108,65,75,486,9
953,base,rellor,bug,Null,41,50,60,31,58,30,270,9
954,base,rabsca,bug,psychic,75,50,85,115,100,45,470,9
955,base,flittle,psychic,Null,30,35,30,55,30,75,255,9
956,base,espathra,psychic,Null,95,60,60,101,60,105,481,9
957,base,tinkatink,fairy,steel,50,45,45,35,64,58,297,9
958,base,tinkatuff,fairy,steel,65,55,55,45,82,78,380,9
959,base,tinkaton,fairy,steel,85,75,77,70,105,94,506,9
960,base,wiglett,water,Null,10,55,25,35,25,95,245,9
961,base,wugtrio,water,Null,35,100,50,50,70,120,425,9
962,base,bombirdier,flying,dark,70,103,85,60,85,82,485,9
963,base,finizen,water,Null,70,45,40,45,40,75,315,9
964,base,palafin-zero,water,Null,100,70,72,53,62,100,457,9
965,base,varoom,steel,poison,45,70,63,30,45,47,300,9
966,base,revavroom,steel,poison,80,119,90,54,67,90,500,9
967,base,cyclizar,dragon,normal,70,95,65,85,65,121,501,9
968,base,orthworm,steel,Null,70,85,145,60,55,65,480,9
969,base,glimmet,rock,poison,48,35,42,105,60,60,350,9
970,base,glimmora,rock,poison,83,55,90,130,81,86,525,9
971,base,greavard,ghost,Null,50,61,60,30,55,34,290,9
972,base,houndstone,ghost,Null,72,101,100,50,97,68,488,9
973,base,flamigo,flying,fighting,82,115,74,75,64,90,500,9
974,base,cetoddle,ice,Null,108,68,45,30,40,43,334,9
975,base,cetitan,ice,Null,170,113,65,45,55,73,521,9
976,base,veluza,water,psychic,90,102,73,78,65,70,478,9
977,base,dondozo,water,Null,150,100,115,65,65,35,530,9
978,base,tatsugiri-curly,dragon,water,68,50,60,120,95,82,475,9
979,base,annihilape,fighting,ghost,110,115,80,50,90,90,535,9
980,base,clodsire,poison,ground,130,75,60,45,100,20,430,9
981,base,farigiraf,normal,psychic,120,90,70,110,70,60,520,9
982,base,dudunsparce-two-segment,normal,Null,125,100,80,85,75,55,520,9
983,base,kingambit,dark,steel,100,135,120,60,85,50,550,9
984,base,great-tusk,ground,fighting,115,131,131,53,53,87,570,9
985,base,scream-tail,fairy,psychic,115,65,99,65,115,111,570,9
986,base,brute-bonnet,grass,dark,111,127,99,79,99,55,570,9
987,base,flutter-mane,ghost,fairy,55,55,55,135,135,135,570,9
988,base,slither-wing,bug,fighting,85,135,79,85,105,81,570,9
989,base,sandy-shocks,electric,ground,85,81,97,121,85,101,570,9
990,base,iron-treads,ground,steel,90,112,120,72,70,106,570,9
991,base,iron-bundle,ice,water,56,80,114,124,60,136,570,9
992,base,iron-hands,fighting,electric,154,140,108,50,68,50,570,9
993,base,iron-jugulis,dark,flying,94,80,86,122,80,108,570,9
994,base,iron-moth,fire,poison,80,70,60,140,110,110,570,9
995,base,iron-thorns,rock,electric,100,134,110,70,84,72,570,9
996,base,frigibax,dragon,ice,65,75,45,35,45,55,320,9
997,base,arctibax,dragon,ice,90,95,66,45,65,62,423,9
998,base,baxcalibur,dragon,ice,115,145,92,75,86,87,600,9
999,base,gimmighoul,ghost,Null,45,30,70,75,70,10,300,9
1000,base,gholdengo,steel,ghost,87,60,95,133,91,84,550,9
1001,base,wo-chien,dark,grass,85,85,100,95,135,70,570,9
1002,base,chien-pao,dark,ice,80,120,80,90,65,135,570,9
1003,base,ting-lu,dark,ground,155,110,125,55,80,45,570,9
1004,base,chi-yu,dark,fire,55,80,80,135,120,100,570,9
1005,base,roaring-moon,dragon,dark,105,139,71,55,101,119,590,9
1006,base,iron-valiant,fairy,fighting,74,130,90,120,60,116,590,9
1007,base,koraidon,fighting,dragon,100,135,115,85,100,135,670,9
1008,base,miraidon,electric,dragon,100,85,100,135,115,135,670,9
1009,base,walking-wake,water,dragon,99,83,91,125,83,109,590,9
1010,base,iron-leaves,grass,psychic,90,130,88,70,108,104,590,9
1011,base,dipplin,grass,dragon,80,80,110,95,80,40,485,9
1012,base,poltchageist,grass,ghost,40,45,45,74,54,50,308,9
1013,base,sinistcha,grass,ghost,71,60,106,121,80,70,508,9
1014,base,okidogi,poison,fighting,88,128,115,58,86,80,555,9
1015,base,munkidori,poison,psychic,88,75,66,130,90,106,555,9
1016,base,fezandipiti,poison,fairy,88,91,82,70,125,99,555,9
1017,base,ogerpon,grass,Null,80,120,84,60,96,110,550,9
1018,base,archaludon,steel,dragon,90,105,130,125,65,85,600,9
1019,base,hydrapple,grass,dragon,106,80,110,120,80,44,540,9
1020,base,gouging-fire,fire,dragon,105,115,121,65,93,91,590,9
1021,base,raging-bolt,electric,dragon,125,73,91,137,89,75,590,9
1022,base,iron-boulder,rock,psychic,90,120,80,68,108,124,590,9
1023,base,iron-crown,steel,psychic,90,72,100,122,108,98,590,9
1024,base,terapagos,normal,Null,90,65,85,65,85,60,450,9
1025,base,pecharunt,poison,ghost,88,88,160,88,88,88,600,9